Date,Time,Site,Unit ID,User ID,F,DO %,DO mg/L,C-uS/cm,SAL-PSU,pH,ORP mV,Chl RFU,PE RFU
2/27/25,06:42:12PM,MiniOcean,,,75.9,1064.8,73.86,49336,32.71,8.07,143.9,0.7,-0.74
9/20/24,09:45:27AM,R1,,,75,316.8,22.21,48449,32.41,7.68,174.9,-5.39,-1.16
9/20/24,09:47:09AM,R2,,,75.5,404.1,27.8,51848,34.73,7.85,162.1,-3.27,-1.13
9/20/24,02:44:51PM,MiniOcean,,,77.6,1046.1,71.58,49626,32.23,8.16,131.2,-3.33,-1.14
9/23/24,09:31:46AM,R1,,,75.7,368.6,25.49,50394,33.57,7.9,176.9,-5.55,-1.27
9/23/24,09:34:53AM,R2,,,74.4,364.6,25.26,52048,35.38,7.88,184.2,-4.44,-1.24
9/24/24,12:53:04PM,R1,,,75.5,493.6,34.19,50333,33.61,7.95,235.2,-5.75,-1.26
9/24/24,12:56:39PM,R2,,,75.3,435.6,30.11,51103,34.27,7.92,229.7,-4.22,-1.21
9/25/24,12:42:03PM,R1,,,75.5,473.3,32.81,50107,33.44,7.94,168,-4.69,-1.3
9/25/24,12:44:23PM,R2,,,75.3,422.1,29.25,50526,33.84,7.92,174.6,-4.34,-1.24
9/25/24,02:26:05PM,MiniOcean,,,78.2,1706,116.05,49949,32.22,8.21,146.9,-1.08,-0.94
9/26/24,12:50:14PM,R1,,,75.6,368.6,25.61,49415,32.89,7.88,201.4,-5.52,-1.28
9/26/24,12:51:48PM,R2,,,75.5,419.9,29.06,50477,33.71,7.94,185.5,-2.56,-1.19
9/27/24,09:48:29AM,R2,,,75.3,274.6,19.12,49356,32.95,7.98,159.4,-5.51,-1.29
9/27/24,09:49:03AM,R1,,,75.4,334.3,23.25,49451,32.97,7.88,164.2,-5.09,-1.29
9/27/24,09:50:03AM,R2,,,75.3,384.8,26.69,50313,33.69,7.85,169.3,-3.32,-1.25
9/27/24,02:30:13PM,MiniOcean,,,79.1,1461.9,98.58,50509,32.28,8.2,135.7,10.27,-0.48
9/30/24,10:54:08AM,R2,,,75.3,417.8,28.89,50979,34.17,7.88,169.9,0.28,-1.15
9/30/24,10:55:42AM,R1,,,75.6,440.5,30.48,50372,33.6,7.94,170.9,-5.62,-1.28
9/30/24,02:26:58PM,MiniOcean,,,78.4,1396.8,94.82,50201,32.35,8.3,195.6,14.95,-0.48
10/1/24,01:21:15PM,R1,,,75.6,502.6,34.87,49807,33.18,7.97,194.8,-5.06,-1.28
10/1/24,01:24:16PM,R2,,,75.4,489.6,33.86,50900,34.08,7.96,199.7,-4.72,-1.26
10/1/24,02:50:30PM,MiniOcean,,,78.6,1348.2,91.31,50292,32.31,8.23,155,-1.2,-0.94
10/2/24,12:56:35PM,R1,,,75.6,497.5,34.48,50028,33.34,7.98,163.9,-5.54,-1.26
10/2/24,12:58:56PM,R2,,,75.4,485.8,33.54,51220,34.32,7.95,168.3,-4.33,-1.26
10/2/24,02:24:30PM,MiniOcean,,,78.4,1438.4,97.57,50213,32.32,8.21,213.2,1.57,-0.85
10/3/24,02:26:03PM,MiniOcean,,,78.6,1454.6,98.49,50315,32.31,8.22,153.2,-0.26,-0.93
10/3/24,03:39:55PM,R1,,,,,,,,,,,
10/3/24,03:41:43PM,R2,,,75.3,406,28.11,50690,33.93,8.02,153.7,-1.41,-1.06
10/4/24,09:59:54AM,R1,,,75.4,433.1,30.05,49967,33.35,7.91,150.5,-5.55,-1.28
10/4/24,10:00:43AM,R2,,,75.4,426.9,29.47,51289,34.38,7.84,159.2,-5.9,-1.3
10/4/24,02:38:58PM,MiniOcean,,,78,1283.5,87.43,49991,32.34,8.21,138.8,1.87,-0.85
10/7/24,09:40:10AM,MiniOcean,,,75.5,114.4,7.93,49917,33.28,7.9,155.5,-5.27,-5.45
10/7/24,09:40:11AM,MiniOcean,,,75.5,114.7,7.96,49918,33.28,7.9,155.6,-5.33,-5.45
10/7/24,09:40:23AM,R1,,,75.5,116.5,8.08,49930,33.28,7.9,156.5,-4.79,-5.46
10/7/24,09:41:38AM,R2,,,75.3,114.8,7.91,51946,34.91,7.82,165.6,-4.85,-5.45
10/7/24,02:22:52PM,MiniOcean,,,78,347,23.6,50201,32.47,8.16,159.4,0.08,-5.3
10/8/24,02:26:33PM,MiniOcean,,,77.1,283,19.43,49701,32.48,8.13,144.5,0.11,-5.29
10/8/24,02:34:00PM,R1,,,75.6,156.7,10.84,50362,33.56,8.04,141.5,-5.03,-5.46
10/8/24,02:35:38PM,R2,,,75.2,145.8,10.07,51473,34.57,7.95,149.1,-3.95,-5.46
10/9/24,12:26:20PM,R1,,,75.7,152.3,10.55,49927,33.23,7.96,167.3,-5.18,-5.46
10/9/24,12:28:50PM,R2,,,75.4,149.1,10.26,51845,34.78,7.9,174.5,-3.97,-5.48
10/9/24,02:36:44PM,MiniOcean,,,77.3,431.3,29.55,49883,32.55,8.18,178.6,-2.68,-5.32
10/10/24,01:18:03PM,R1,,,75.3,119.2,8.31,49265,32.87,7.84,148,-5.49,-5.46
10/10/24,01:19:35PM,R2,,,75.4,143.3,9.86,52025,34.91,7.93,145.4,-4.12,-5.45
10/11/24,09:31:11AM,R1,,,75.4,105.5,7.35,48987,32.64,7.87,139.7,-5.72,-5.47
10/11/24,09:32:54AM,R2,,,75.2,121.5,8.38,51852,34.85,7.86,158.8,-6.04,-5.45
10/11/24,02:23:21PM,MiniOcean,,,77.8,475.5,32.44,50039,32.46,8.17,210.4,0.89,-5.27
10/14/24,09:53:15AM,R1,,,75.6,103.1,7.13,50557,33.74,7.88,150.1,-5.71,-5.46
10/14/24,09:54:23AM,R2,,,75.4,112.3,7.73,51878,34.79,7.82,158.2,-5.87,-5.46
10/14/24,02:01:13PM,MiniOcean,,,77.2,436.1,29.9,49769,32.48,8.2,169,-0.32,-5.33
10/15/24,02:03:45PM,R1,,,75.5,164.2,11.34,50857,33.98,8.02,152.6,-5.83,-5.46
10/15/24,02:10:40PM,R2,,,75.3,152.9,10.55,51446,34.51,7.98,156.8,-6.03,-5.47
10/15/24,02:27:35PM,MiniOcean,,,78,428.6,29.18,50127,32.45,8.23,138.3,17.02,-4.87
10/16/24,03:10:33PM,MiniOcean,,,76.4,323.4,22.33,49428,32.54,8.12,131.6,-2.11,-5.32
10/16/24,03:24:37PM,R1,,,75.6,156.8,10.82,51139,34.17,8.01,140.2,-5.38,-5.46
10/16/24,03:25:38PM,R2,,,75.3,146.3,10.08,51776,34.76,7.97,143.6,-4.27,-5.47
10/17/24,01:20:20PM,R1,,,75.3,126.3,8.75,50435,33.75,7.84,172.1,-5.75,-5.48
10/17/24,01:22:03PM,R2,,,75.4,140,9.62,52119,34.97,7.92,167.4,-4.33,-5.44
10/17/24,02:21:34PM,MiniOcean,,,76.5,251.9,17.43,48739,32,8.09,144.1,-0.7,-5.37
10/18/24,11:39:21AM,R1,,,75.4,127,8.77,51342,34.41,7.88,140.7,-5.48,-5.48
10/18/24,11:41:01AM,R2,,,75.4,133,9.14,52236,35.08,7.91,150.8,-4.63,-5.45
10/18/24,03:07:34PM,MiniOcean,,,75.3,148.3,10.37,48168,32.05,7.92,137.4,-3.19,-5.43
10/21/24,09:59:29AM,R1,,,75.4,-71.8,-4.93,52596,35.35,7.93,164.5,-5.39,-5.46
10/21/24,10:00:41AM,R2,,,75.4,34.6,2.37,53415,35.95,7.89,176.2,-5.76,-5.48
10/21/24,02:34:29PM,MiniOcean,,,77.3,422.4,28.96,49673,32.4,8.16,190,0.3,-5.33
10/22/24,12:09:25PM,R1,,,75.5,136.1,9.36,51916,34.8,7.99,195.9,-5.64,-5.47
10/22/24,12:12:37PM,R2,,,75.5,135.3,9.3,52059,34.91,7.96,201.5,-4.85,-5.47
10/22/24,01:11:43PM,MiniOcean,,,78,488,33.22,50108,32.42,8.22,174.4,-2.3,-5.36
10/23/24,01:15:37PM,R1,,,75.6,147.5,10.14,51862,34.71,8.02,198.4,-5.47,-5.47
10/23/24,01:18:58PM,R2,,,75.5,145.5,9.98,52483,35.21,7.98,201.3,-5.17,-5.46
10/23/24,02:30:10PM,MiniOcean,,,77.8,378.1,25.81,49810,32.29,8.17,194.8,-2.65,-5.37
10/24/24,01:47:44PM,R1,,,75.2,98.8,6.82,51621,34.71,7.92,222.2,-5.36,-5.46
10/24/24,01:49:30PM,R2,,,75.4,134.8,9.25,52802,35.5,7.99,207,-3.68,-5.44
10/24/24,02:10:53PM,MiniOcean,,,77.3,188.6,12.98,48749,31.72,7.94,183.4,-2.07,-5.39
10/25/24,09:51:44AM,R1,,,74.9,106,7.35,51069,34.41,7.89,180.6,-5.73,-5.48
10/25/24,09:53:02AM,R2,,,75.5,117.6,8.06,52754,35.41,7.86,177.8,-5.33,-5.47
10/25/24,02:23:13PM,MiniOcean,,,77.4,350.6,24.05,49388,32.15,8.16,149.4,-1.08,-5.36
10/25/24,03:51:08PM,R1,,,75,147.5,10.33,48617,32.53,7.87,361.4,-3.41,-5.43
10/25/24,03:52:45PM,R2,,,75.4,146.4,10.18,49453,32.98,7.96,313.7,-1.79,-5.42
10/28/24,09:54:00AM,R2,,,75.5,117.1,8.1,50571,33.79,7.84,226.6,-5.82,-5.49
10/28/24,09:55:54AM,R1,,,75.7,129.2,8.92,50717,33.8,7.94,222.2,-5.72,-5.47
10/28/24,02:30:56PM,MiniOcean,,,77.1,387.8,26.66,49353,32.23,8.14,240.3,-2.48,-5.39
10/29/24,05:40:20PM,R1,,,75.5,130.8,9.16,47920,31.81,7.96,215.8,-5.89,-5.48
10/29/24,05:42:07PM,R2,,,73.9,109.5,7.76,47517,32.13,7.85,217.5,-5.65,-5.47
10/30/24,01:35:18PM,R1,,,75.2,151.8,10.62,48286,32.18,7.93,174.8,-5.15,-5.48
10/30/24,01:36:27PM,R2,,,73.7,119.4,8.47,47713,32.36,7.86,178.1,-3.45,-5.47
10/30/24,02:35:29PM,MiniOcean,,,76.7,462,31.85,49472,32.49,8.06,235.6,-2.43,-5.38
10/31/24,01:19:09PM,R1,,,73.2,101.8,7.32,45588,30.96,7.69,219.3,-6.22,-5.49
10/31/24,01:21:24PM,R2,,,74.6,125.8,8.83,48781,32.8,7.93,200.2,-4.03,-5.42
10/31/24,02:10:43PM,QTank,,,63.5,-84,-6.68,40379,30.73,7.7,179.5,-5.85,-5.49
10/31/24,02:21:00PM,MiniOcean,,,76.1,200.4,17.04,47931,31.56,8,152.7,-2.26,-5.38
11/1/24,10:30:03AM,R1,,,75.5,130.5,9.13,47813,31.7,7.89,145.6,-5.03,-5.45
11/1/24,10:30:34AM,R2,,,74.9,119.7,8.38,48918,32.79,7.86,149.7,-5.74,-5.47
11/1/24,01:53:29PM,MiniOcean,,,76.5,188.1,13.06,48760,32.01,7.94,136.8,-4.31,-5.41
11/4/24,02:32:01PM,MiniOcean,,,75.5,304.1,21.23,48378,32.13,8.06,237.4,-2.18,-5.39
11/5/24,03:09:49PM,MiniOcean,,,76.4,383.7,26.53,49163,32.36,8.08,193.4,-2.14,-5.36
11/5/24,03:22:35PM,R1,,,75.7,153.7,10.62,50581,33.72,7.99,194.5,-6.13,-5.47
11/5/24,03:24:13PM,R2,,,75.5,141.7,9.8,50669,33.85,7.94,196.7,-4.95,-5.48
11/6/24,12:06:01PM,R2,,,75.8,140.3,9.67,51019,34.01,7.9,164.8,-5.02,-5.47
11/6/24,12:06:09PM,R1,,,75.8,141,9.72,51013,34,7.9,165.5,-6.12,-5.48
11/6/24,12:07:45PM,R2,,,75.3,126.8,8.8,50078,33.47,7.89,172,-0.07,-5.44
11/6/24,02:18:07PM,MiniOcean,,,75.6,297,20.73,48359,32.1,8.12,145.7,-1.67,-5.39
11/7/24,01:37:09PM,R1,,,74.7,147.3,10.3,49438,33.24,7.52,251.5,-5.2,-5.49
11/7/24,01:39:40PM,R2,,,75.1,141.2,9.79,50613,33.96,7.91,223.5,-3.36,-5.43
11/7/24,02:21:48PM,MiniOcean,,,74.6,168.3,14.28,47744,32.04,7.83,195.1,-2.4,-5.35
11/8/24,10:01:40AM,R1,,,75.3,125.1,8.67,50673,33.95,7.85,147.7,-5.77,-5.47
11/8/24,10:02:26AM,R2,,,75.3,129.4,8.99,49997,33.41,7.86,154.1,-4.5,-5.46
11/8/24,02:15:00PM,MiniOcean,,,75.7,418.4,29.14,48560,32.19,8.13,122.8,-1.79,-5.41
11/11/24,02:28:21PM,MiniOcean,,,76.1,-14018.9,-978.32,47457,31.21,8.1,133,-0.01,-0.39
11/12/24,12:24:02PM,R1,,,75.5,-6007.8,-412.86,52063,34.88,7.93,191.5,-0.08,-0.61
11/12/24,12:29:08PM,R2,,,75.3,-5110.3,-353.25,51165,34.33,7.96,193.1,-0.08,-0.58
11/12/24,01:49:31PM,MiniOcean,,,76.5,-19995.7,-1382.35,48988,32.18,8.17,135.8,-0.04,-0.41
11/13/24,02:45:22PM,MiniOcean,,,76.4,-13545.1,-938.4,48750,32.06,8.1,149.7,-0.03,-0.5
11/13/24,03:00:59PM,R2,,,75.5,-5091.2,-351.57,50933,34.04,7.95,146.4,-0.09,-0.61
11/13/24,03:04:05PM,R1,,,75.6,-6232.3,-429.01,51534,34.45,7.98,155.1,-0.09,-0.58
11/14/24,01:43:18PM,R1,,,74.7,-5780.8,-402.27,50536,34.09,7.88,193.3,-0.1,-0.62
11/14/24,01:44:59PM,R2,,,75.1,-5641.1,-391.21,50600,33.95,7.92,185,0.01,-0.38
11/14/24,02:26:57PM,MiniOcean,,,,,,,,,,,
11/14/24,02:28:41PM,MiniOcean,,,76,-17657,-1227.2,48576,32.07,8.17,142.1,0.05,-0.27
11/15/24,10:54:09AM,R1,,,75.4,-5444.7,-376.15,50997,34.13,7.84,114.1,-0.09,-0.58
11/15/24,10:55:03AM,R2,,,75.5,-5206.5,-360.19,50635,33.84,7.88,112.1,-0.09,-0.62
11/15/24,03:00:24PM,MiniOcean,,,76.3,59044.7,4080.4,49447,32.61,8.14,185,-0.04,-0.47
11/18/24,09:53:36AM,R1,,,75.8,16491.9,1129.4,52513,35.13,7.82,159.2,-0.08,-0.59
11/18/24,09:55:05AM,R2,,,75.4,15465.4,1063.65,52123,35,7.85,164.4,-0.08,-0.62
11/18/24,03:07:53PM,MiniOcean,,,75.6,62693.2,4360.27,49156,32.67,8.12,135,0.04,-0.28
11/19/24,02:25:58PM,MiniOcean,,,76.3,32980.8,2279.48,49485,32.64,8.06,130.7,-0.02,-0.48
11/19/24,02:26:11PM,MiniOcean,,,76.4,52842.2,3648.73,49514,32.63,8.12,124.9,-0.01,-0.43
11/20/24,01:32:32PM,R1,,,74.7,18720.6,1304.11,50368,33.97,7.89,139.5,-0.1,-0.61
11/20/24,01:34:02PM,R2,,,73.7,15407.9,1087.73,48948,33.31,7.87,150,-0.1,-0.66
11/20/24,02:37:35PM,MiniOcean,,,76.4,66080.7,4564.03,49407,32.53,8.13,127.8,-0.05,-0.45
11/21/24,02:28:43PM,MiniOcean,,,76.2,40391.5,2804.43,48494,31.95,7.94,200.4,0.44,0.08
11/21/24,02:37:40PM,R1,,,75.2,16134.6,1119.97,50264,33.66,7.85,150.6,-0.1,-0.6
11/21/24,02:39:27PM,R2,,,75.3,18083.8,1255.36,50170,33.58,7.93,148.4,-0.04,-0.53
11/21/24,04:12:21PM,R2,,,67.7,-2652.8,-242.14,12.5,0.01,7.81,99.7,-0.05,-0.54
11/21/24,04:13:16PM,R2,,,68.1,-6262.4,-471.65,44187,31.94,7.11,166,-0.1,-0.65
11/22/24,11:34:43AM,R1,,,75.5,18949.3,1307.97,51127,34.2,7.85,136.3,-0.09,-0.57
11/22/24,11:36:03AM,R2,,,75.3,17912.4,1245.75,49677,33.2,7.86,142.9,-0.07,-0.51
11/22/24,02:58:17PM,MiniOcean,,,77.7,44672.7,3047.89,50085,32.51,8.09,114,-0.05,-0.52
11/25/24,10:31:57AM,MiniOcean,,,75.7,53760.3,3747.78,48500,32.16,8.1,156,0.18,-0.14
11/25/24,10:37:30AM,R1,,,75.6,18804.5,1296.56,51254,34.26,7.88,173.1,-0.06,-0.53
11/25/24,10:39:01AM,R2,,,75.5,18054,1251.24,50152,33.46,7.9,174.5,-0.08,-0.63
11/25/24,02:33:55PM,MiniOcean,,,76.1,44924.2,3120.87,48590,32.06,8.14,195.4,-0.04,-0.49
11/26/24,10:10:49AM,R1,,,75.6,19513.7,1347.45,50861,33.96,7.85,211.2,-0.06,-0.53
11/26/24,10:15:12AM,R2,,,75.2,17560.8,1221.31,49765,33.28,7.9,210.9,-0.09,-0.65
11/26/24,02:40:29PM,MiniOcean,,,76.2,66499.6,4606.99,49112,32.42,8.15,172.8,0.02,-0.36
11/27/24,12:16:14PM,R1,,,75.3,20725,1438.2,50152,33.53,7.87,182.5,-0.1,-0.61
11/27/24,12:18:00PM,R2,,,75.3,16526.5,1149.46,49690,33.21,7.88,186.1,-0.1,-0.61
11/27/24,01:29:42PM,MiniOcean,,,76.1,45536.1,3155.1,49137,32.45,8.12,120.5,0.06,-0.26
11/27/24,01:44:42PM,MiniOcean,,,76.2,44736.1,3098.04,49167,32.45,8.12,131.3,0.14,-0.27
11/27/24,01:59:42PM,MiniOcean,,,76.2,43993.3,3047.13,49158,32.45,8.13,128.7,0.14,-0.33
11/27/24,02:14:42PM,MiniOcean,,,76.2,43182.9,2991.24,49152,32.45,8.13,125.9,0.13,-0.33
11/27/24,02:29:42PM,MiniOcean,,,76.1,42819.7,2966.47,49142,32.45,8.13,124,0.14,-0.28
11/27/24,02:44:42PM,MiniOcean,,,76.1,41886.5,2902.34,49134,32.45,8.13,124,0.07,-0.32
11/27/24,02:59:42PM,MiniOcean,,,76.1,40791,2827.64,49123,32.46,8.12,124.6,0.1,-0.26
11/27/24,03:14:42PM,MiniOcean,,,76.1,39751.6,2755.93,49107,32.45,8.12,125.1,0.18,-0.16
11/27/24,03:29:42PM,MiniOcean,,,76,38266.7,2653.86,49093,32.46,8.12,125.5,0.15,-0.24
11/27/24,03:44:42PM,MiniOcean,,,76,36409.5,2525.69,49075,32.45,8.12,126.2,0.12,-0.26
11/27/24,03:59:41PM,MiniOcean,,,76,34217.5,2374.04,49055,32.45,8.11,126.8,0.2,-0.09
11/27/24,04:14:41PM,MiniOcean,,,75.9,31942.9,2217.43,49036,32.46,8.11,128,0.16,-0.26
11/27/24,04:29:41PM,MiniOcean,,,75.9,29743.3,2065.5,49011,32.45,8.1,129.9,0.15,-0.24
11/27/24,04:44:41PM,MiniOcean,,,75.8,28070.9,1950.64,48989,32.47,8.1,131.9,0.16,-0.16
11/27/24,04:59:41PM,MiniOcean,,,75.8,25746.9,1789.44,48971,32.46,8.09,133.7,0.18,-0.03
11/27/24,05:14:41PM,MiniOcean,,,75.8,25119.9,1745.72,48980,32.46,8.09,134.7,0.2,-0.11
11/27/24,05:29:41PM,MiniOcean,,,75.8,23107.1,1605.32,48995,32.46,8.09,136.2,0.18,-0.06
11/27/24,05:44:41PM,MiniOcean,,,75.9,21805.8,1514.49,49001,32.45,8.08,136,0.19,-0.07
11/27/24,05:59:41PM,MiniOcean,,,75.9,20115.5,1397.08,49010,32.46,8.08,136.4,0.14,-0.03
11/27/24,06:14:41PM,MiniOcean,,,75.8,16331.1,1134.71,48997,32.47,8.07,141.3,0.21,-0.01
11/27/24,06:29:41PM,MiniOcean,,,75.8,12738.5,885.42,48968,32.46,8.06,143.7,0.36,0.34
11/27/24,06:44:41PM,MiniOcean,,,75.7,8331.5,579.43,48938,32.46,8.06,145.4,0.25,0.28
11/27/24,06:59:41PM,MiniOcean,,,75.7,3330.4,231.71,48916,32.46,8.05,146.7,0.21,0.16
11/27/24,07:14:41PM,MiniOcean,,,75.7,2829,196.75,48937,32.46,8.04,147.4,0.14,-0.16
11/27/24,07:29:41PM,MiniOcean,,,75.8,381.4,26.52,48945,32.45,8.04,148,0.09,-0.15
11/27/24,07:44:41PM,MiniOcean,,,75.8,-572.1,-39.77,48957,32.45,8.03,148.7,0.14,-0.08
11/27/24,07:59:41PM,MiniOcean,,,75.8,-1301.7,-90.46,48979,32.46,8.03,149.5,0.13,-0.01
11/27/24,08:14:41PM,MiniOcean,,,75.8,-2601.6,-180.76,48980,32.45,8.03,150.1,0.16,-0.11
11/27/24,08:29:41PM,MiniOcean,,,75.8,-3901.7,-271.12,48986,32.46,8.03,150.1,0.19,0.09
11/27/24,08:44:41PM,MiniOcean,,,75.8,-3552.3,-246.83,48984,32.46,8.02,149.3,0.08,-0.04
11/27/24,08:59:40PM,MiniOcean,,,75.8,-3730.7,-259.31,48966,32.46,8.02,149,0.09,-0.15
11/27/24,09:14:40PM,MiniOcean,,,75.8,-4750,-330.22,48958,32.46,8.02,146.7,0.12,-0.1
11/27/24,09:29:40PM,MiniOcean,,,75.8,-5625.1,-391.13,48943,32.46,8.02,144.8,0.71,0.29
11/27/24,09:44:40PM,MiniOcean,,,75.8,-5765.1,-400.87,48940,32.46,8.02,140.9,0.11,-0.05
11/27/24,09:59:40PM,MiniOcean,,,75.8,-5878,-408.72,48939,32.45,8.02,140.2,0.07,-0.09
11/27/24,10:14:40PM,MiniOcean,,,75.7,-5955.6,-414.19,48931,32.46,8.02,140.5,0.09,-0.07
11/27/24,10:29:40PM,MiniOcean,,,75.7,-5184.5,-360.55,48936,32.45,8.02,139.4,0.06,-0.06
11/27/24,10:44:40PM,MiniOcean,,,75.7,-6315.9,-439.28,48924,32.45,8.02,138.8,0.12,-0.13
11/27/24,10:59:40PM,MiniOcean,,,75.7,-5849.3,-406.82,48928,32.46,8.01,134,0.1,0.01
11/27/24,11:14:40PM,MiniOcean,,,75.7,-5978,-415.81,48922,32.45,8.02,134.4,0.13,-0.12
11/27/24,11:29:40PM,MiniOcean,,,75.7,-6827.2,-474.81,48934,32.46,8.02,131.9,0.14,-0.04
11/27/24,11:44:40PM,MiniOcean,,,75.7,-7318.3,-509.01,48923,32.45,8.01,129.7,0.08,-0.16
11/27/24,11:59:40PM,MiniOcean,,,75.7,-7517.4,-522.93,48919,32.45,8.01,128.3,0.2,0.18
11/28/24,00:14:40AM,MiniOcean,,,75.7,-6343.1,-441.17,48928,32.46,8.01,127.3,0.12,-0.12
11/28/24,00:29:40AM,MiniOcean,,,75.7,-8392.2,-583.82,48913,32.45,8.01,126.2,0.12,0.1
11/28/24,00:44:40AM,MiniOcean,,,75.7,-9729.7,-676.78,48921,32.46,8.01,120.8,0.11,-0.08
11/28/24,00:59:40AM,MiniOcean,,,75.7,-6584.2,-458.06,48913,32.45,8.01,121.5,0.03,-0.09
11/28/24,01:14:40AM,MiniOcean,,,75.7,-8883.7,-618.2,48906,32.46,8.01,120.7,0.11,-0.02
11/28/24,01:29:40AM,MiniOcean,,,75.7,-7283.4,-506.93,48889,32.45,8.01,119.6,0.14,-0.09
11/28/24,01:44:40AM,MiniOcean,,,75.6,-8415.3,-585.83,48879,32.46,8.01,120.2,0.08,-0.13
11/28/24,01:59:39AM,MiniOcean,,,75.6,-7254.7,-505.11,48871,32.46,8.01,119,0.04,0.54
11/28/24,02:14:39AM,MiniOcean,,,75.6,-7280.3,-506.98,48863,32.46,8,117.4,0.08,-0.03
11/28/24,02:29:39AM,MiniOcean,,,75.6,-7099.7,-494.38,48863,32.46,8.01,114.6,0.09,-0.11
11/28/24,02:44:39AM,MiniOcean,,,75.6,-7009.4,-488.17,48853,32.46,8.01,118.7,0.08,-0.05
11/28/24,02:59:39AM,MiniOcean,,,75.6,-7521,-523.78,48852,32.46,8,119.5,0.08,-0.15
11/28/24,03:14:39AM,MiniOcean,,,75.6,-7403.2,-515.65,48854,32.46,8.01,120,0.21,0.06
11/28/24,03:29:39AM,MiniOcean,,,75.6,-8881.7,-618.7,48844,32.46,8,116.1,0.11,-0.01
11/28/24,03:44:39AM,MiniOcean,,,75.6,-7368.4,-513.3,48843,32.46,8,118.7,0.1,-0.03
11/28/24,03:59:39AM,MiniOcean,,,75.6,-7746.1,-539.62,48836,32.46,8,115.1,0.11,-0.06
11/28/24,04:14:39AM,MiniOcean,,,75.6,-8280.3,-576.83,48835,32.45,8,114.5,0.1,0.04
11/28/24,04:29:39AM,MiniOcean,,,75.5,-7956.5,-554.44,48826,32.46,8,117.4,0.1,0.26
11/28/24,04:44:39AM,MiniOcean,,,75.5,-8588.5,-598.56,48823,32.46,8,107.3,0.13,0.2
11/28/24,04:59:39AM,MiniOcean,,,75.5,-8723.7,-607.81,48832,32.46,8,112.5,0.11,0.37
11/28/24,05:14:39AM,MiniOcean,,,75.4,-8335.7,-581.64,48765,32.47,8,113,0.06,0.12
11/28/24,05:29:39AM,MiniOcean,,,75.3,-7739.2,-540.63,48696,32.47,8,114.3,0.17,0.23
11/28/24,05:44:39AM,MiniOcean,,,75.2,-7812.9,-546.31,48645,32.47,8,121.1,0.19,0.02
11/28/24,05:59:39AM,MiniOcean,,,75.1,-7954.5,-556.56,48606,32.47,8,124,0.24,0.25
11/28/24,06:14:39AM,MiniOcean,,,75.2,-6563.7,-458.98,48630,32.46,8.01,109.8,0.1,0.02
11/28/24,06:29:39AM,MiniOcean,,,75.2,-4316.5,-301.75,48639,32.45,8.01,108,0.11,0.01
11/28/24,06:44:38AM,MiniOcean,,,75.2,-1906.9,-133.3,48647,32.46,8.01,109.4,0.28,0.39
11/28/24,06:59:38AM,MiniOcean,,,75.2,-62.8,-4.39,48644,32.47,8.02,112.2,0.23,0.21
11/28/24,07:14:38AM,MiniOcean,,,75.2,1875.6,131.12,48645,32.46,8.02,113.8,0.27,1.66
11/28/24,07:29:38AM,MiniOcean,,,75.2,3277.9,229.15,48645,32.46,8.02,114.2,0.72,0.95
11/28/24,07:44:38AM,MiniOcean,,,75.2,4863,340.1,48634,32.47,8.03,114.5,0.57,0.45
11/28/24,07:59:38AM,MiniOcean,,,75.2,7019.6,490.8,48634,32.46,8.03,115.1,0.54,1.1
11/28/24,08:14:38AM,MiniOcean,,,75.2,9878.8,690.84,48638,32.47,8.04,113.9,1.22,0.43
11/28/24,08:29:38AM,MiniOcean,,,75.2,14372.6,1004.43,48664,32.46,8.05,114.2,0.65,1.28
11/28/24,08:44:38AM,MiniOcean,,,75.3,19200.3,1341.28,48697,32.47,8.06,115.6,0.95,4.97
11/28/24,08:59:38AM,MiniOcean,,,75.4,23591.5,1646.67,48744,32.47,8.07,116.8,0.66,4.08
11/28/24,09:14:38AM,MiniOcean,,,75.5,28857.7,2011.99,48783,32.45,8.09,118.3,0.73,4.24
11/28/24,09:29:38AM,MiniOcean,,,75.6,34851.6,2427.38,48858,32.47,8.1,121.8,0.66,4.8
11/28/24,09:44:38AM,MiniOcean,,,75.8,42026.3,2921.9,48956,32.46,8.12,124.1,0.55,3.68
11/28/24,09:59:38AM,MiniOcean,,,76,48555.9,3369.43,49059,32.46,8.14,125.4,0.82,4.57
11/28/24,10:14:38AM,MiniOcean,,,76.1,54242.7,3757.93,49157,32.46,8.15,123.9,0.55,1.69
11/28/24,10:29:38AM,MiniOcean,,,76.4,59429.1,4108.82,49268,32.46,8.17,121.4,0.53,1.65
11/28/24,10:44:38AM,MiniOcean,,,76.5,64137.4,4428.09,49346,32.46,8.18,116.9,3.04,0.95
11/28/24,10:59:38AM,MiniOcean,,,76.7,67647.7,4663.09,49429,32.45,8.2,113.4,1.72,1.15
11/28/24,11:14:38AM,MiniOcean,,,76.8,70139.8,4828.94,49499,32.45,8.2,112.1,1.34,1.37
11/28/24,11:29:38AM,MiniOcean,,,76.9,70131.5,4824.2,49547,32.45,8.21,113.2,1.69,1.74
11/28/24,11:44:37AM,MiniOcean,,,77,72059,4952.2,49587,32.43,8.22,111.8,1.98,1.96
11/28/24,11:59:37AM,MiniOcean,,,77,73822.6,5071.99,49600,32.43,8.22,111.2,2.59,2.49
11/28/24,12:14:37PM,MiniOcean,,,77,75005.1,5152.34,49596,32.42,8.23,110.3,2.69,2.11
11/28/24,12:29:37PM,MiniOcean,,,77,75631.3,5197.48,49551,32.4,8.23,111.3,10.25,3.1
11/28/24,12:44:37PM,MiniOcean,,,77,75105.5,5162.4,49519,32.38,8.24,112.1,1.48,3.21
11/28/24,12:59:37PM,MiniOcean,,,77,75028.3,5158.07,49500,32.37,8.24,112.3,1.35,2.35
11/28/24,01:14:37PM,MiniOcean,,,77,73550.9,5058.47,49456,32.35,8.24,114.4,1.61,2.66
11/28/24,01:29:37PM,MiniOcean,,,76.9,71989.7,4953.79,49425,32.35,8.23,116.2,1.2,2.32
11/28/24,01:44:37PM,MiniOcean,,,76.9,69589.8,4789.58,49411,32.35,8.23,119.7,1.36,2.79
11/28/24,01:59:37PM,MiniOcean,,,76.8,67834,4670.96,49370,32.34,8.22,121.7,1.21,1.95
11/28/24,02:14:37PM,MiniOcean,,,76.7,65413,4509.66,49275,32.31,8.22,123.3,1.38,2.28
11/28/24,02:29:37PM,MiniOcean,,,76.7,61005.9,4209.12,49215,32.29,8.21,126.5,0.74,1.32
11/28/24,02:44:37PM,MiniOcean,,,76.6,57753.1,3987.07,49170,32.28,8.2,128.3,0.78,1.44
11/28/24,02:59:37PM,MiniOcean,,,76.5,54279.7,3749.48,49141,32.29,8.19,130.3,0.77,1.17
11/28/24,03:14:37PM,MiniOcean,,,76.5,51282.4,3544.09,49141,32.31,8.18,132,0.71,1.32
11/28/24,03:29:37PM,MiniOcean,,,76.4,46801,3236.06,49120,32.32,8.17,133.8,2.49,1.41
11/28/24,03:44:37PM,MiniOcean,,,76.4,43968.3,3041.23,49097,32.32,8.16,135.5,2.2,1.36
11/28/24,03:59:37PM,MiniOcean,,,76.3,40597.9,2809.33,49082,32.33,8.15,136.3,2.08,1.34
11/28/24,04:14:37PM,MiniOcean,,,76.3,37070.4,2566.02,49056,32.32,8.14,137.3,2.12,1.26
11/28/24,04:29:37PM,MiniOcean,,,76.2,34318.2,2377.01,49038,32.33,8.13,138.8,2.04,1.28
11/28/24,04:44:37PM,MiniOcean,,,76.2,31520.7,2184.56,49015,32.34,8.12,140.1,2.14,1.34
11/28/24,04:59:36PM,MiniOcean,,,76.1,29045.4,2014.05,48993,32.35,8.11,141.9,2.13,1.37
11/28/24,05:14:36PM,MiniOcean,,,76.1,26544.8,1840.55,49000,32.36,8.11,142.4,1.89,1.46
11/28/24,05:29:36PM,MiniOcean,,,76.1,24837.3,1722.29,49006,32.37,8.1,142.3,2,1.36
11/28/24,05:44:36PM,MiniOcean,,,76.1,23357.3,1619.51,49009,32.37,8.09,143.4,1.71,1.33
11/28/24,05:59:36PM,MiniOcean,,,76.1,21287.1,1476.47,49006,32.38,8.09,141.5,1.54,1.43
11/28/24,06:14:36PM,MiniOcean,,,76,20130.5,1396.51,49000,32.39,8.08,143.1,1.44,1.32
11/28/24,06:29:36PM,MiniOcean,,,76,18855,1308.28,48998,32.39,8.08,144.5,1.02,1.09
11/28/24,06:44:36PM,MiniOcean,,,76,17520.4,1215.61,48992,32.39,8.08,145,0.98,1.39
11/28/24,06:59:36PM,MiniOcean,,,76,16459.5,1142.42,48986,32.4,8.07,145.6,0.87,1.26
11/28/24,07:14:36PM,MiniOcean,,,76,12441.5,863.35,49014,32.41,8.06,145.7,0.99,1.62
11/28/24,07:29:36PM,MiniOcean,,,76,9347.5,648.75,49008,32.42,8.05,149.7,0.89,1.51
11/28/24,07:44:36PM,MiniOcean,,,76,5684.5,394.6,48995,32.42,8.04,151.9,0.8,1.01
11/28/24,07:59:36PM,MiniOcean,,,75.9,1803.7,125.25,48975,32.42,8.03,152.9,0.53,1.16
11/28/24,08:14:36PM,MiniOcean,,,75.9,847,58.82,48972,32.42,8.03,152,0.38,1.11
11/28/24,08:29:36PM,MiniOcean,,,75.9,-2189.1,-152.07,48956,32.42,8.02,153,0.76,2.45
11/28/24,08:44:36PM,MiniOcean,,,75.8,-3973.5,-276.11,48936,32.42,8.02,153.8,0.3,1.09
11/28/24,08:59:36PM,MiniOcean,,,75.8,-3578,-248.68,48922,32.41,8.02,153.8,0.78,1.83
11/28/24,09:14:36PM,MiniOcean,,,75.8,-4636.2,-322.37,48900,32.41,8.01,153.8,0.57,1.1
11/28/24,09:29:36PM,MiniOcean,,,75.8,-5468.3,-380.27,48892,32.41,8.01,154,0.86,2.95
11/28/24,09:44:36PM,MiniOcean,,,75.8,-5483.7,-381.37,48895,32.42,8,152.6,0.51,4.54
11/28/24,09:59:35PM,MiniOcean,,,75.7,-5111.2,-355.54,48878,32.42,8.01,150.2,1.39,1.06
11/28/24,10:14:35PM,MiniOcean,,,75.7,-5707.9,-397.13,48870,32.42,8.01,149,0.77,1.38
11/28/24,10:29:35PM,MiniOcean,,,75.7,-6588.5,-458.53,48859,32.42,8,149.5,0.34,1.28
11/28/24,10:44:35PM,MiniOcean,,,75.7,-5562.9,-387.13,48859,32.42,8,149,0.34,1.21
11/28/24,10:59:35PM,MiniOcean,,,75.7,-6869.1,-478.07,48855,32.42,8,145.6,0.57,1.01
11/28/24,11:14:35PM,MiniOcean,,,75.7,-6999,-487.2,48849,32.42,8.01,146.4,0.38,1.36
11/28/24,11:29:35PM,MiniOcean,,,75.7,-7145.8,-497.4,48848,32.42,8,145.6,0.32,0.97
11/28/24,11:44:35PM,MiniOcean,,,75.6,-7188.6,-500.46,48838,32.42,8,145.5,0.37,1.02
11/28/24,11:59:35PM,MiniOcean,,,75.6,-7858.2,-547.14,48835,32.43,8,145.2,1.67,1.3
11/29/24,00:14:35AM,MiniOcean,,,75.6,-7454,-519.07,48830,32.43,8,144.9,0.41,1.52
11/29/24,00:29:35AM,MiniOcean,,,75.6,-8547.5,-595.3,48812,32.42,7.99,142.7,0.51,1.3
11/29/24,00:44:35AM,MiniOcean,,,75.6,-7597.6,-529.16,48816,32.42,7.99,144.4,0.24,1.05
11/29/24,00:59:35AM,MiniOcean,,,75.6,-6727.5,-468.6,48814,32.43,7.99,140.9,0.28,1.23
11/29/24,01:14:35AM,MiniOcean,,,75.6,-7008.4,-488.25,48806,32.43,7.98,143.1,0.6,1.62
11/29/24,01:29:35AM,MiniOcean,,,75.6,-9043.2,-630.04,48808,32.43,7.98,141.4,0.58,1.61
11/29/24,01:44:35AM,MiniOcean,,,75.6,-8118.4,-565.57,48807,32.43,7.99,138,0.39,1.46
11/29/24,01:59:35AM,MiniOcean,,,75.6,-9980.3,-695.36,48805,32.43,7.99,134.6,0.33,1.88
11/29/24,02:14:35AM,MiniOcean,,,75.6,-9308.3,-648.62,48797,32.43,7.99,132.6,0.56,1.5
11/29/24,02:29:35AM,MiniOcean,,,75.5,-8026.1,-559.31,48792,32.43,7.99,134.5,0.34,1.03
11/29/24,02:44:34AM,MiniOcean,,,75.5,-9127.2,-636.08,48785,32.43,7.98,132.7,0.33,1.21
11/29/24,02:59:34AM,MiniOcean,,,75.5,-9142.9,-637.25,48782,32.43,7.98,133.2,0.46,1.07
11/29/24,03:14:34AM,MiniOcean,,,75.5,-8583.2,-598.28,48778,32.43,7.98,133.6,0.63,1.34
11/29/24,03:29:34AM,MiniOcean,,,75.5,-9406.6,-655.62,48780,32.43,7.98,129.7,0.37,1.33
11/29/24,03:44:34AM,MiniOcean,,,75.5,-8668.5,-604.3,48773,32.43,7.98,130.5,0.26,1.92
11/29/24,03:59:34AM,MiniOcean,,,75.5,-9301.3,-648.4,48784,32.44,7.98,131.1,0.29,1.56
11/29/24,04:14:34AM,MiniOcean,,,75.5,-10637,-741.58,48775,32.44,7.98,126.8,0.31,0.79
11/29/24,04:29:34AM,MiniOcean,,,75.5,-10559.1,-736.15,48767,32.43,7.98,126.4,0.42,1.06
11/29/24,04:44:34AM,MiniOcean,,,75.5,-10485.2,-731.09,48765,32.43,7.98,127.3,0.6,1.51
11/29/24,04:59:34AM,MiniOcean,,,75.5,-9400.7,-655.45,48761,32.43,7.98,124.6,0.55,1.02
11/29/24,05:14:34AM,MiniOcean,,,75.3,-8142.1,-568.72,48681,32.45,7.99,127.9,0.58,1.24
11/29/24,05:29:34AM,MiniOcean,,,75.2,-8629.4,-603.53,48608,32.45,7.99,128,0.66,1.14
11/29/24,05:44:34AM,MiniOcean,,,75.1,-9306.5,-651.51,48547,32.44,7.99,124.2,0.29,0.98
11/29/24,05:59:34AM,MiniOcean,,,75,-9460.7,-662.77,48513,32.45,7.99,128.1,0.56,2.66
11/29/24,06:14:34AM,MiniOcean,,,75,-7846.3,-549.47,48524,32.44,8.01,114.5,0.42,1.74
11/29/24,06:29:34AM,MiniOcean,,,75.1,-5810.8,-406.86,48528,32.43,8.01,112.5,0.41,1.86
11/29/24,06:44:34AM,MiniOcean,,,75,-3752.8,-262.81,48540,32.46,8.01,114.9,0.51,1.03
11/29/24,06:59:34AM,MiniOcean,,,75,-1840.9,-128.93,48534,32.45,8.02,116.5,0.5,1.12
11/29/24,07:14:34AM,MiniOcean,,,75,-299.6,-20.98,48526,32.43,8.02,120,0.57,1.31
11/29/24,07:29:34AM,MiniOcean,,,75,976.9,68.44,48518,32.45,8.02,122.8,0.61,1.44
11/29/24,07:44:33AM,MiniOcean,,,75,2715.4,190.22,48523,32.45,8.03,123.8,0.55,1.31
11/29/24,07:59:33AM,MiniOcean,,,75,5194.1,363.84,48519,32.45,8.03,123.7,0.69,1.62
11/29/24,08:14:33AM,MiniOcean,,,75,8864.1,620.82,48530,32.45,8.04,119.7,0.61,1.71
11/29/24,08:29:33AM,MiniOcean,,,75.1,13671.5,957.07,48554,32.45,8.05,119.1,0.69,1.75
11/29/24,08:44:33AM,MiniOcean,,,75.1,18921.8,1324.06,48580,32.45,8.07,120.9,0.97,3.51
11/29/24,08:59:33AM,MiniOcean,,,75.2,25298,1768.18,48647,32.45,8.08,124.6,0.85,3.41
11/29/24,09:14:33AM,MiniOcean,,,75.4,31541,2201.64,48724,32.46,8.1,128,0.61,4.66
11/29/24,09:29:33AM,MiniOcean,,,75.5,38058.3,2653.04,48804,32.46,8.12,133.6,0.73,5.39
11/29/24,09:44:33AM,MiniOcean,,,75.7,44136.3,3071.49,48895,32.46,8.13,138.1,0.71,4.73
11/29/24,09:59:33AM,MiniOcean,,,75.9,50232.9,3489.59,48991,32.45,8.15,143,0.69,5.07
11/29/24,10:14:33AM,MiniOcean,,,76,55557.3,3852.64,49090,32.45,8.17,146.8,1.03,4.94
11/29/24,10:29:33AM,MiniOcean,,,76.2,61039.1,4225.65,49191,32.46,8.18,148.9,1.11,4.53
11/29/24,10:44:33AM,MiniOcean,,,76.4,66070.7,4566.5,49282,32.45,8.2,148.7,1.26,4.71
11/29/24,10:59:33AM,MiniOcean,,,76.5,69847.3,4820.52,49361,32.45,8.21,147.6,1.51,5.07
11/29/24,11:14:33AM,MiniOcean,,,76.7,71812.9,4951.07,49420,32.45,8.22,146.1,1.86,6.39
11/29/24,11:29:33AM,MiniOcean,,,76.7,71741.7,4942.41,49454,32.44,8.22,146.4,2.03,7.55
11/29/24,11:44:33AM,MiniOcean,,,76.8,72551,4996.3,49471,32.44,8.23,137.8,2.16,8.52
11/29/24,11:59:33AM,MiniOcean,,,76.8,72926.4,5021.52,49473,32.43,8.23,135.6,2.57,9.2
11/29/24,12:14:33PM,MiniOcean,,,76.8,74198.2,5107.83,49467,32.42,8.24,135.5,3.08,10.33
11/29/24,12:29:33PM,MiniOcean,,,76.8,75179.4,5176.74,49444,32.41,8.24,137.3,2.99,11.08
11/29/24,12:44:32PM,MiniOcean,,,76.8,75649.6,5210.26,49418,32.39,8.24,138.7,3.19,10.87
11/29/24,12:59:32PM,MiniOcean,,,76.8,75834.4,5223.95,49378,32.36,8.25,140.4,3.86,15.29
11/29/24,01:14:32PM,MiniOcean,,,76.8,75128.7,5177.38,49350,32.36,8.25,141.3,5.45,15.34
11/29/24,01:29:32PM,MiniOcean,,,76.7,74800.2,5155.8,49344,32.36,8.25,142.4,5.98,12.39
11/29/24,01:44:32PM,MiniOcean,,,76.7,72497.9,5000.03,49297,32.35,8.24,144.3,2.79,6.11
11/29/24,01:59:32PM,MiniOcean,,,76.6,70126.4,4839.7,49260,32.35,8.24,146.8,3.48,7.08
11/29/24,02:14:32PM,MiniOcean,,,76.6,67306.8,4646.55,49244,32.35,8.23,148.9,3.04,5.6
11/29/24,02:29:32PM,MiniOcean,,,76.5,64504.6,4455.17,49206,32.34,8.22,151.1,1.96,3.61
11/29/24,02:44:32PM,MiniOcean,,,76.5,61668.3,4261.14,49183,32.34,8.22,153.5,2.05,4.04
11/29/24,02:59:32PM,MiniOcean,,,76.4,58694,4057.17,49152,32.34,8.21,154.4,2.18,4.07
11/29/24,03:14:32PM,MiniOcean,,,76.4,55287.6,3823.83,49120,32.33,8.2,155.6,2.31,4.03
11/29/24,03:29:32PM,MiniOcean,,,76.3,50794.9,3514.68,49099,32.34,8.18,157.5,2.08,4
11/29/24,03:44:32PM,MiniOcean,,,76.3,47776.5,3307.31,49072,32.34,8.17,159,2.3,3.91
11/29/24,03:59:32PM,MiniOcean,,,76.2,43982.5,3046.4,49039,32.34,8.16,161.5,2.14,3.76
11/29/24,04:14:32PM,MiniOcean,,,76.2,40440.7,2802.55,49025,32.35,8.15,163.4,1.94,4.06
11/29/24,04:29:32PM,MiniOcean,,,76.1,37432.6,2595.6,48995,32.35,8.14,164.7,1.46,3.57
11/29/24,04:44:32PM,MiniOcean,,,76,34825.9,2416.18,48982,32.37,8.13,165.1,1.38,3.62
11/29/24,04:59:32PM,MiniOcean,,,76,31534.2,2188.87,48960,32.38,8.13,165.9,1.34,3.54
11/29/24,05:14:32PM,MiniOcean,,,76,29041.4,2015.67,48963,32.38,8.12,166,1.25,3.36
11/29/24,05:29:32PM,MiniOcean,,,76,26913.9,1868.1,48963,32.38,8.11,166.4,1.27,3.89
11/29/24,05:44:31PM,MiniOcean,,,76,25058.1,1739.28,48965,32.38,8.1,166.6,1.21,3.86
11/29/24,05:59:31PM,MiniOcean,,,76,22991.3,1595.8,48966,32.38,8.1,166.8,1.16,3.67
11/29/24,06:14:31PM,MiniOcean,,,75.9,18362.5,1275.09,48956,32.39,8.09,165.2,1.18,3.1
11/29/24,06:29:31PM,MiniOcean,,,75.9,14505.5,1007.74,48929,32.4,8.08,167.6,1.03,5.02
11/29/24,06:44:31PM,MiniOcean,,,75.8,11305.8,786.1,48880,32.39,8.07,169.8,1.18,3.9
11/29/24,06:59:31PM,MiniOcean,,,75.8,8386.7,583.21,48877,32.4,8.07,171.3,1.15,3.26
11/29/24,07:14:31PM,MiniOcean,,,75.8,5053.7,351.41,48875,32.39,8.06,172.2,1.12,3.34
11/29/24,07:29:31PM,MiniOcean,,,75.8,3242.9,225.42,48895,32.39,8.05,169.7,1.61,3.13
11/29/24,07:44:31PM,MiniOcean,,,75.9,1329,92.35,48912,32.39,8.05,171.7,0.83,3.61
11/29/24,07:59:31PM,MiniOcean,,,75.9,881.4,61.22,48936,32.39,8.05,172.7,0.79,3.07
11/29/24,08:14:31PM,MiniOcean,,,75.9,1034,71.83,48935,32.39,8.04,173.6,0.86,4.92
11/29/24,08:29:31PM,MiniOcean,,,75.9,-228.9,-15.9,48948,32.4,8.04,174.2,0.91,6.88
11/29/24,08:44:31PM,MiniOcean,,,75.9,-918,-63.75,48949,32.4,8.04,173.3,1.61,3.47
11/29/24,08:59:31PM,MiniOcean,,,75.9,-1204.4,-83.66,48944,32.4,8.03,172.1,1.1,3.94
11/29/24,09:14:31PM,MiniOcean,,,75.9,-1824.9,-126.76,48950,32.41,8.03,169.2,0.74,3.82
11/29/24,09:29:31PM,MiniOcean,,,75.9,-4612.2,-320.4,48940,32.4,8.03,169.1,3.28,3.1
11/29/24,09:44:31PM,MiniOcean,,,75.9,-4276.7,-297.1,48936,32.4,8.03,169.9,0.73,3.4
11/29/24,09:59:31PM,MiniOcean,,,75.9,-4572,-317.64,48941,32.41,8.03,169.1,0.63,3.38
11/29/24,10:14:31PM,MiniOcean,,,75.9,-4560.3,-316.9,48930,32.41,8.03,168.1,1.39,4.01
11/29/24,10:29:31PM,MiniOcean,,,75.9,-4736.8,-329.17,48927,32.41,8.03,167.9,2.07,5.29
11/29/24,10:44:30PM,MiniOcean,,,75.9,-4834.5,-335.92,48936,32.41,8.02,166.7,1.8,7.5
11/29/24,10:59:30PM,MiniOcean,,,75.8,-5047.8,-350.83,48921,32.41,8.02,164,1.82,4.07
11/29/24,11:14:30PM,MiniOcean,,,75.8,-6004.7,-417.46,48912,32.42,8.03,163.5,1.22,5.42
11/29/24,11:29:30PM,MiniOcean,,,75.8,-5025.3,-349.27,48923,32.41,8.03,160.2,1.01,4.7
11/29/24,11:44:30PM,MiniOcean,,,75.8,-5283.3,-367.25,48913,32.41,8.02,157.1,0.85,4.37
11/29/24,11:59:30PM,MiniOcean,,,75.8,-5253.7,-365.26,48908,32.42,8.02,155.9,1.53,5.67
11/30/24,00:14:30AM,MiniOcean,,,75.8,-6001.3,-417.21,48915,32.42,8.02,155.3,0.83,3.92
11/30/24,00:29:30AM,MiniOcean,,,75.8,-6137.9,-426.75,48903,32.41,8.02,154.1,0.58,4.11
11/30/24,00:44:30AM,MiniOcean,,,75.8,-5462.5,-379.81,48905,32.42,8.02,153.5,0.91,3.49
11/30/24,00:59:30AM,MiniOcean,,,75.8,-6747.9,-469.28,48896,32.42,8.02,153.5,0.88,4.04
11/30/24,01:14:30AM,MiniOcean,,,75.8,-7757.1,-539.52,48893,32.42,8.02,150,0.6,4.53
11/30/24,01:29:30AM,MiniOcean,,,75.8,-6898.8,-479.84,48892,32.42,8.02,147.9,0.83,4.87
11/30/24,01:44:30AM,MiniOcean,,,75.8,-7466.7,-519.3,48896,32.42,8.02,148.4,0.91,4.24
11/30/24,01:59:30AM,MiniOcean,,,75.7,-7319.5,-509.14,48884,32.42,8.02,148.2,0.77,4.23
11/30/24,02:14:30AM,MiniOcean,,,75.7,-8437.5,-587.03,48878,32.42,8.02,147.1,0.62,3.77
11/30/24,02:29:30AM,MiniOcean,,,75.7,-7456.8,-518.82,48869,32.42,8.02,144.5,0.75,4.03
11/30/24,02:44:30AM,MiniOcean,,,75.7,-7740.5,-538.61,48874,32.43,8.01,145.8,0.65,4.05
11/30/24,02:59:30AM,MiniOcean,,,75.7,-6727.5,-468.15,48867,32.42,8.01,146.3,1.67,7.12
11/30/24,03:14:30AM,MiniOcean,,,75.7,-7381.6,-513.64,48862,32.42,8.01,147,0.63,3.8
11/30/24,03:29:30AM,MiniOcean,,,75.7,-8207,-571.18,48859,32.42,8.01,147.1,0.77,3.9
11/30/24,03:44:29AM,MiniOcean,,,75.7,-8182.2,-569.5,48851,32.42,8.01,146.2,0.5,4.21
11/30/24,03:59:29AM,MiniOcean,,,75.7,-7994.4,-556.51,48851,32.43,8.01,148.2,0.73,4.05
11/30/24,04:14:29AM,MiniOcean,,,75.6,-10902,-759.09,48835,32.43,8.01,146.9,0.68,4.56
11/30/24,04:29:29AM,MiniOcean,,,75.6,-8140.8,-566.79,48843,32.43,8.01,144.2,0.58,4.39
11/30/24,04:44:29AM,MiniOcean,,,75.6,-9123.6,-635.37,48826,32.43,8.01,147.7,0.72,6.2
11/30/24,04:59:29AM,MiniOcean,,,75.6,-8432.3,-587.2,48832,32.43,8.01,148,0.77,5.33
11/30/24,05:14:29AM,MiniOcean,,,75.5,-7683.4,-535.69,48771,32.44,8.01,132.3,0.65,4.27
11/30/24,05:29:29AM,MiniOcean,,,75.3,-7904.5,-551.96,48686,32.44,8.01,127.5,0.64,4.57
11/30/24,05:44:29AM,MiniOcean,,,75.2,-7296.3,-509.99,48640,32.45,8.01,134.1,0.72,4.39
11/30/24,05:59:29AM,MiniOcean,,,75.1,-7549.1,-528.06,48596,32.44,8.01,125.5,1.11,4.63
11/30/24,06:14:29AM,MiniOcean,,,75.3,-6372.3,-445.3,48638,32.43,8.01,120.3,0.87,6.04
11/30/24,06:29:29AM,MiniOcean,,,75.3,-4355,-304.3,48644,32.43,8.01,120.6,0.78,4.01
11/30/24,06:44:29AM,MiniOcean,,,75.3,-2180.1,-152.31,48652,32.43,8.02,123.7,1.04,4.77
11/30/24,06:59:29AM,MiniOcean,,,75.2,-217.1,-15.17,48649,32.44,8.02,127.9,1.28,5.21
11/30/24,07:14:29AM,MiniOcean,,,75.2,1583,110.63,48638,32.44,8.03,131.8,1.12,5.61
11/30/24,07:29:29AM,MiniOcean,,,75.2,3057.8,213.72,48633,32.44,8.03,134.8,1.31,5.02
11/30/24,07:44:29AM,MiniOcean,,,75.2,3960.2,276.85,48619,32.44,8.03,136.7,1.42,5.41
11/30/24,07:59:29AM,MiniOcean,,,75.2,6163.1,430.9,48618,32.44,8.03,138.8,1.62,5.24
11/30/24,08:14:29AM,MiniOcean,,,75.2,10829.5,756.9,48631,32.43,8.04,140,1.57,7.12
11/30/24,08:29:28AM,MiniOcean,,,75.3,16850.3,1176.79,48677,32.44,8.06,142.1,1.7,5.44
11/30/24,08:44:28AM,MiniOcean,,,75.4,22704.6,1584.45,48724,32.44,8.07,144.2,1.71,5.4
11/30/24,08:59:28AM,MiniOcean,,,75.5,28827.9,2009.34,48794,32.44,8.09,145.1,1.86,5.78
11/30/24,09:14:28AM,MiniOcean,,,75.7,35469.5,2468.56,48862,32.43,8.11,148,1.62,5.99
11/30/24,09:29:28AM,MiniOcean,,,75.8,41255.8,2867.68,48947,32.44,8.12,150.5,1.77,6.84
11/30/24,09:44:28AM,MiniOcean,,,76,46728.9,3242.71,49034,32.44,8.14,151.2,1.86,7.03
11/30/24,09:59:28AM,MiniOcean,,,76.2,52282.9,3621.73,49138,32.44,8.16,152.3,2.08,8.01
11/30/24,10:14:28AM,MiniOcean,,,76.3,57418.5,3971.33,49226,32.44,8.17,151.5,2.19,7.5
11/30/24,10:29:28AM,MiniOcean,,,76.5,61481.9,4245.59,49313,32.43,8.18,151.2,2.49,9.16
11/30/24,10:44:28AM,MiniOcean,,,76.6,66126.5,4559.79,49396,32.44,8.2,150.3,2.79,9.55
11/30/24,10:59:28AM,MiniOcean,,,76.8,69807.7,4806.08,49475,32.43,8.21,149,2.94,11.62
11/30/24,11:14:28AM,MiniOcean,,,76.9,72265.6,4970.98,49527,32.43,8.22,150,3.47,13.36
11/30/24,11:29:28AM,MiniOcean,,,77,72856,5007.96,49558,32.42,8.23,149.9,3.97,18.15
11/30/24,11:44:28AM,MiniOcean,,,77,74162.4,5095.74,49569,32.41,8.23,148.7,4.6,18.12
11/30/24,11:59:28AM,MiniOcean,,,77.1,75485.8,5185.23,49576,32.4,8.24,149.2,4.76,20.16
11/30/24,12:14:28PM,MiniOcean,,,77.1,76804.6,5276.14,49559,32.39,8.25,150.2,5.34,23.15
11/30/24,12:29:28PM,MiniOcean,,,77.1,77745.4,5341.47,49515,32.35,8.25,150.8,6.54,25.59
11/30/24,12:44:28PM,MiniOcean,,,77,77573.4,5331.69,49480,32.34,8.25,150.9,6.63,28.39
11/30/24,12:59:28PM,MiniOcean,,,77,76635.1,5269.03,49471,32.35,8.25,152.1,7.22,25.18
11/30/24,01:14:28PM,MiniOcean,,,77,75508.2,5194.19,49420,32.33,8.25,153.3,3.94,12.35
11/30/24,01:29:27PM,MiniOcean,,,76.9,73418.9,5051.9,49385,32.31,8.25,156.2,4.6,14.74
11/30/24,01:44:27PM,MiniOcean,,,76.9,71323.6,4908.84,49365,32.3,8.24,158.6,5.91,15.41
11/30/24,01:59:27PM,MiniOcean,,,76.8,68272.4,4702.54,49309,32.29,8.23,161.6,5.53,16.16
11/30/24,02:14:27PM,MiniOcean,,,76.8,65577.2,4519.6,49257,32.28,8.23,162.6,6.04,18.12
11/30/24,02:29:27PM,MiniOcean,,,76.7,62878,4338.2,49202,32.28,8.22,164.5,6.43,19.32
11/30/24,02:44:27PM,MiniOcean,,,76.6,58808.7,4060.64,49137,32.26,8.21,167.1,6.43,20.02
11/30/24,02:59:27PM,MiniOcean,,,76.5,55873.9,3861.77,49093,32.27,8.2,167.6,5.69,16.36
11/30/24,03:14:27PM,MiniOcean,,,76.4,52043.1,3599.52,49054,32.27,8.19,169.4,5.52,16.99
11/30/24,03:29:27PM,MiniOcean,,,76.4,48909.4,3384.2,49063,32.3,8.18,170.7,5.67,17.67
11/30/24,03:44:27PM,MiniOcean,,,76.3,45468.5,3147.59,49030,32.3,8.17,171.6,5.5,17.28
11/30/24,03:59:27PM,MiniOcean,,,76.3,41629.7,2883.3,49007,32.3,8.16,171.1,5.55,17.54
11/30/24,04:14:27PM,MiniOcean,,,76.2,38500.2,2668.08,48985,32.31,8.15,171.7,6.13,17.48
11/30/24,04:29:27PM,MiniOcean,,,76.2,35489.2,2460.14,48969,32.31,8.14,171,5.17,15.52
11/30/24,04:44:27PM,MiniOcean,,,76.2,32932.8,2283,48965,32.31,8.13,171.5,5.26,16.77
11/30/24,04:59:27PM,MiniOcean,,,76.1,30482.6,2113.39,48965,32.32,8.12,172,4.96,15.08
11/30/24,05:14:27PM,MiniOcean,,,76.2,28424.1,1969.7,48991,32.32,8.12,171.3,4.41,14.55
11/30/24,05:29:27PM,MiniOcean,,,76.2,26256.3,1819.32,49007,32.32,8.11,171.7,3.96,14.9
11/30/24,05:44:27PM,MiniOcean,,,76.2,24502.8,1697.68,49017,32.33,8.1,170.1,3.67,14.33
11/30/24,05:59:27PM,MiniOcean,,,76.2,22948.1,1589.98,49022,32.34,8.1,169.6,3.36,13.09
11/30/24,06:14:27PM,MiniOcean,,,76.2,21248.9,1472.3,49021,32.34,8.09,170.3,3.12,13.57
11/30/24,06:29:26PM,MiniOcean,,,76.2,20296.4,1406.53,49027,32.35,8.09,171.2,2.92,13.95
11/30/24,06:44:26PM,MiniOcean,,,76.2,18996.7,1316.24,49029,32.35,8.09,171.5,2.79,12.86
11/30/24,06:59:26PM,MiniOcean,,,76.1,17996.7,1247.4,49019,32.36,8.08,172.8,2.61,13.72
11/30/24,07:14:26PM,MiniOcean,,,76.2,17008,1178.3,49040,32.35,8.08,174,2.49,13.68
11/30/24,07:29:26PM,MiniOcean,,,76.2,16181.7,1120.75,49063,32.36,8.08,173.1,2.39,13.41
11/30/24,07:44:26PM,MiniOcean,,,76.2,14749.2,1021.49,49075,32.37,8.07,174.3,2.43,11.74
11/30/24,07:59:26PM,MiniOcean,,,76.2,11099.9,769.02,49055,32.37,8.06,178.2,2.34,12.34
11/30/24,08:14:26PM,MiniOcean,,,76.1,6641.4,460.39,49026,32.37,8.06,176,2.75,12
11/30/24,08:29:26PM,MiniOcean,,,76.1,4117,285.51,48984,32.35,8.05,175,2.46,12.88
11/30/24,08:44:26PM,MiniOcean,,,76.1,2175.8,150.94,48989,32.37,8.05,143.2,2.48,12.5
11/30/24,08:59:26PM,MiniOcean,,,76,637.1,44.22,48962,32.37,8.04,150,2.57,12.92
11/30/24,09:14:26PM,MiniOcean,,,76,-1812.3,-125.81,48955,32.37,8.04,154.7,2.91,13.5
11/30/24,09:29:26PM,MiniOcean,,,76,-880.1,-61.11,48943,32.38,8.04,150.4,2.84,12.18
11/30/24,09:44:26PM,MiniOcean,,,75.9,-2275.1,-158.02,48922,32.38,8.03,156.4,2.41,11.02
11/30/24,09:59:26PM,MiniOcean,,,75.9,-2447.5,-170.04,48918,32.38,8.03,162.9,2.98,10.99
11/30/24,10:14:26PM,MiniOcean,,,75.9,-3859.3,-268.16,48910,32.38,8.04,165.9,2.48,11.29
11/30/24,10:29:26PM,MiniOcean,,,75.9,-3809.5,-264.73,48895,32.38,8.03,169.1,3.49,11.42
11/30/24,10:44:26PM,MiniOcean,,,75.8,-4300.5,-298.92,48885,32.38,8.03,172,2.58,13.72
11/30/24,10:59:26PM,MiniOcean,,,75.8,-3832.5,-266.4,48887,32.39,8.03,174.6,2.52,10.85
11/30/24,11:14:26PM,MiniOcean,,,75.8,-5468,-380.17,48876,32.39,8.03,175.7,2.5,9.88
11/30/24,11:29:25PM,MiniOcean,,,75.8,-6329.7,-440.16,48859,32.38,8.02,176.8,2.79,9.8
11/30/24,11:44:25PM,MiniOcean,,,75.8,-5998.2,-417.18,48859,32.39,8.02,178.1,2.8,15.05
11/30/24,11:59:25PM,MiniOcean,,,75.8,-5438.8,-378.34,48844,32.38,8.02,177.3,3.1,10.17
12/1/24,00:14:25AM,MiniOcean,,,75.7,-5822.3,-405.12,48832,32.39,8.02,178.4,2.56,10.06
12/1/24,00:29:25AM,MiniOcean,,,75.7,-6559.1,-456.37,48838,32.39,8.02,179.2,2.54,10.29
12/1/24,00:44:25AM,MiniOcean,,,75.7,-6879.4,-478.75,48825,32.39,8.02,179,2.75,15.05
12/1/24,00:59:25AM,MiniOcean,,,75.7,-7061.9,-491.53,48821,32.39,8.02,176.6,2.85,13.21
12/1/24,01:14:25AM,MiniOcean,,,75.7,-8031.4,-559,48824,32.39,8.01,177.7,2.7,10.8
12/1/24,01:29:25AM,MiniOcean,,,75.7,-8048.6,-560.28,48819,32.4,8.01,179.2,2.8,11.74
12/1/24,01:44:25AM,MiniOcean,,,75.7,-6787.9,-472.58,48810,32.4,8.02,179.8,3.45,10.88
12/1/24,01:59:25AM,MiniOcean,,,75.7,-6574.8,-457.74,48810,32.4,8.02,172.1,2.66,10.5
12/1/24,02:14:25AM,MiniOcean,,,75.7,-7112,-495.17,48810,32.4,8.02,172.7,2.87,10.9
12/1/24,02:29:25AM,MiniOcean,,,75.6,-7350.2,-511.81,48809,32.4,8.02,175.5,3.46,12.18
12/1/24,02:44:25AM,MiniOcean,,,75.6,-7436,-517.86,48794,32.4,8.02,176.5,3.29,11.89
12/1/24,02:59:25AM,MiniOcean,,,75.6,-7754.5,-540.1,48785,32.39,8.02,174.4,3.28,12.63
12/1/24,03:14:25AM,MiniOcean,,,75.6,-7920,-551.73,48783,32.4,8.02,177,3.26,12.87
12/1/24,03:29:25AM,MiniOcean,,,75.6,-8236.2,-573.8,48783,32.4,8.01,176.9,3.98,11.01
12/1/24,03:44:25AM,MiniOcean,,,75.6,-7671.3,-534.33,48790,32.4,8.01,176.7,3.43,11.58
12/1/24,03:59:25AM,MiniOcean,,,75.6,-8055.6,-561.25,48779,32.4,8.01,178.7,3.15,11.45
12/1/24,04:14:25AM,MiniOcean,,,75.6,-9123.3,-635.67,48778,32.41,8.01,178.4,3.33,12.73
12/1/24,04:29:24AM,MiniOcean,,,75.6,-8945.3,-623.29,48780,32.41,8.01,178,3,12.93
12/1/24,04:44:24AM,MiniOcean,,,75.6,-8404.7,-585.65,48777,32.41,8.01,178.9,3.92,13.43
12/1/24,04:59:24AM,MiniOcean,,,75.5,-7967.1,-555.26,48777,32.42,8.01,179.9,3.26,12.56
12/1/24,05:14:24AM,MiniOcean,,,75.4,-8512.8,-594.33,48674,32.41,8.01,165.6,3.2,12.16
12/1/24,05:29:24AM,MiniOcean,,,75.2,-8430.3,-589.41,48603,32.42,8.01,123.8,3.04,12.86
12/1/24,05:44:24AM,MiniOcean,,,75.1,-8223.9,-575.53,48547,32.42,8.01,123.8,2.99,12.48
12/1/24,05:59:24AM,MiniOcean,,,75,-8158.5,-571.36,48516,32.43,8.01,126.9,2.81,17.83
12/1/24,06:14:24AM,MiniOcean,,,75.2,-6705.9,-469.11,48557,32.41,8.01,129.4,2.91,18.34
12/1/24,06:29:24AM,MiniOcean,,,75.2,-4716.5,-329.92,48573,32.42,8.02,129.6,2.6,17.34
12/1/24,06:44:24AM,MiniOcean,,,75.2,-2668.8,-186.67,48585,32.43,8.02,132.2,2.6,15.53
12/1/24,06:59:24AM,MiniOcean,,,75.2,-808.5,-56.54,48608,32.44,8.02,136.6,2.86,17.88
12/1/24,07:14:24AM,MiniOcean,,,75.2,921.5,64.49,48430,32.31,8.03,141.4,2.73,15.71
12/1/24,07:29:24AM,MiniOcean,,,75.2,2062.9,144.27,48604,32.44,8.03,143.7,2.91,19.33
12/1/24,07:44:24AM,MiniOcean,,,75.2,4019.5,281.03,48610,32.43,8.03,146.8,3.08,17.68
12/1/24,07:59:24AM,MiniOcean,,,75.2,7384.5,516.36,48627,32.46,8.04,149.8,3.29,17.44
12/1/24,08:14:24AM,MiniOcean,,,75.3,12597.2,879.98,48665,32.44,8.05,149.7,3.16,20.25
12/1/24,08:29:24AM,MiniOcean,,,75.4,18551.8,1294.79,48717,32.44,8.07,153,3.27,19.89
12/1/24,08:44:24AM,MiniOcean,,,75.5,24349.2,1697.64,48779,32.45,8.08,157.2,3.48,19.31
12/1/24,08:59:24AM,MiniOcean,,,75.6,30144.8,2099.02,48854,32.45,8.1,159.7,3.72,20.05
12/1/24,09:14:24AM,MiniOcean,,,75.8,35939.7,2499.02,48935,32.45,8.11,161.2,3.38,17.72
12/1/24,09:29:23AM,MiniOcean,,,75.9,41574.8,2886.35,49020,32.45,8.13,163.2,4.2,21.92
12/1/24,09:44:23AM,MiniOcean,,,76.1,47098,3264.99,49106,32.45,8.14,166.4,4.33,22.36
12/1/24,09:59:23AM,MiniOcean,,,76.2,52024.5,3602,49174,32.44,8.16,165.4,4.46,24.36
12/1/24,10:14:23AM,MiniOcean,,,76.3,56639.9,3916.27,49247,32.44,8.17,163.6,4.31,21.26
12/1/24,10:29:23AM,MiniOcean,,,76.5,61971.3,4279.95,49315,32.44,8.19,161.1,4.46,24.94
12/1/24,10:44:23AM,MiniOcean,,,76.7,66203.7,4564.49,49393,32.43,8.2,161.2,5.3,27.64
12/1/24,10:59:23AM,MiniOcean,,,76.8,70139.3,4831.05,49462,32.44,8.22,161.9,6.23,29.18
12/1/24,11:14:23AM,MiniOcean,,,76.8,72303.4,4975.93,49511,32.44,8.23,162.2,7.3,35.59
12/1/24,11:29:23AM,MiniOcean,,,76.9,73209,5035.39,49532,32.43,8.23,163.2,8.52,38.33
12/1/24,11:44:23AM,MiniOcean,,,77,74308.5,5109.04,49557,32.43,8.24,164.4,10.25,42.8
12/1/24,11:59:23AM,MiniOcean,,,77,75731.1,5203.72,49572,32.41,8.24,163.6,11.19,46.67
12/1/24,12:14:23PM,MiniOcean,,,77,77127.8,5299.58,49576,32.42,8.25,161.3,12.64,50.71
12/1/24,12:29:23PM,MiniOcean,,,77,77502,5326.18,49543,32.4,8.25,162.2,14.92,54.07
12/1/24,12:44:23PM,MiniOcean,,,77,77708,5341.62,49520,32.39,8.26,162,16.07,58.2
12/1/24,12:59:23PM,MiniOcean,,,77,77986.2,5361.89,49509,32.38,8.26,163.5,18.26,60.01
12/1/24,01:14:23PM,MiniOcean,,,76.9,75953.7,5224.85,49480,32.38,8.25,165.8,20.26,63.77
12/1/24,01:29:23PM,MiniOcean,,,76.9,73787.5,5076.78,49450,32.37,8.25,167.3,17.41,50.65
12/1/24,01:44:23PM,MiniOcean,,,76.9,71662.1,4930.53,49411,32.33,8.24,169.4,19.35,56.65
12/1/24,01:59:23PM,MiniOcean,,,76.8,68658.6,4728.37,49385,32.35,8.24,170.6,15.52,57.06
12/1/24,02:14:23PM,MiniOcean,,,76.8,65687.9,4527.6,49314,32.33,8.23,176.7,14.26,53.97
12/1/24,02:29:22PM,MiniOcean,,,76.7,62704.3,4324.71,49269,32.33,8.22,180.3,14.04,54.46
12/1/24,02:44:22PM,MiniOcean,,,76.6,58948.7,4069.22,49209,32.31,8.21,176.7,13.99,51.6
12/1/24,02:59:22PM,MiniOcean,,,76.5,56283.9,3889.64,49155,32.32,8.2,179.5,14.59,51.71
12/1/24,03:14:22PM,MiniOcean,,,76.4,52645,3639.53,49113,32.31,8.19,181.6,15.34,54.2
12/1/24,03:29:22PM,MiniOcean,,,76.3,49294.8,3411.6,49084,32.33,8.18,182.1,15.88,53.9
12/1/24,03:44:22PM,MiniOcean,,,76.3,45669.9,3162.14,49075,32.35,8.17,182.2,15.59,51.51
12/1/24,03:59:22PM,MiniOcean,,,76.2,41826.5,2897.43,49076,32.38,8.16,182.1,15.22,53.26
12/1/24,04:14:22PM,MiniOcean,,,76.2,38415.4,2661.34,49094,32.4,8.15,182.2,13.23,56.72
12/1/24,04:29:22PM,MiniOcean,,,76.1,35297.8,2446.44,49080,32.41,8.14,183.7,12.62,54.53
12/1/24,04:44:22PM,MiniOcean,,,76.1,32558.2,2256.64,49044,32.38,8.13,184.9,6.8,3.88
12/1/24,04:59:22PM,MiniOcean,,,76.1,30266.8,2098.23,49072,32.42,8.12,184.4,3.35,5.1
12/1/24,05:14:22PM,MiniOcean,,,76.1,28240.2,1957.05,49088,32.41,8.12,182.3,2.96,4.97
12/1/24,05:29:22PM,MiniOcean,,,76.2,26317.3,1823.29,49097,32.4,8.11,180.3,2.79,4.84
12/1/24,05:44:22PM,MiniOcean,,,76.2,24185.6,1675.49,49104,32.41,8.1,177.5,2.74,4.85
12/1/24,05:59:22PM,MiniOcean,,,76.2,22820.2,1581.1,49103,32.41,8.1,177.4,2.71,5.69
12/1/24,06:14:22PM,MiniOcean,,,76.1,17941.2,1243.8,49073,32.42,8.09,181.9,2.38,7.15
12/1/24,06:29:22PM,MiniOcean,,,76,15672.6,1087.35,49037,32.42,8.08,149.9,2.32,7.23
12/1/24,06:44:22PM,MiniOcean,,,76,11185.1,776.38,49011,32.43,8.07,152.9,2.45,8.59
12/1/24,06:59:22PM,MiniOcean,,,75.9,6991.1,485.46,48986,32.42,8.06,144,2.64,8.31
12/1/24,07:14:22PM,MiniOcean,,,75.9,4885.7,339.35,48971,32.42,8.06,157.2,2.44,8.38
12/1/24,07:29:21PM,MiniOcean,,,75.9,2925.3,203.1,48994,32.42,8.05,166.7,2.52,8.87
12/1/24,07:44:21PM,MiniOcean,,,75.9,1690.6,117.38,48990,32.42,8.05,172.9,2.24,8.84
12/1/24,07:59:21PM,MiniOcean,,,75.9,-828.3,-57.5,49008,32.43,8.05,178.6,2.46,7.41
12/1/24,08:14:21PM,MiniOcean,,,75.9,379.4,26.35,48989,32.42,8.05,181.4,2.43,7.51
12/1/24,08:29:21PM,MiniOcean,,,75.9,-3110.1,-215.92,48991,32.42,8.04,183.2,3.31,8.44
12/1/24,08:44:21PM,MiniOcean,,,75.9,-3174.4,-220.44,48983,32.42,8.03,184.5,2.53,8.04
12/1/24,08:59:21PM,MiniOcean,,,75.9,-3231.1,-224.4,48971,32.42,8.03,187.1,2.41,9.32
12/1/24,09:14:21PM,MiniOcean,,,75.9,-4289.8,-298,48964,32.42,8.03,188.4,2.31,8.26
12/1/24,09:29:21PM,MiniOcean,,,75.9,-3080.5,-213.99,48959,32.42,8.03,188.8,2.7,8.73
12/1/24,09:44:21PM,MiniOcean,,,75.9,-4866.9,-338.19,48950,32.42,8.03,189.7,2.56,17.97
12/1/24,09:59:21PM,MiniOcean,,,75.9,-4270.1,-296.66,48960,32.42,8.03,189.7,1.99,8.55
12/1/24,10:14:21PM,MiniOcean,,,75.8,-5817.8,-404.32,48941,32.42,8.03,189.7,1.97,8.37
12/1/24,10:29:21PM,MiniOcean,,,75.8,-5938.4,-412.68,48942,32.42,8.03,169.7,2.28,8.95
12/1/24,10:44:21PM,MiniOcean,,,75.8,-4508.7,-313.36,48941,32.43,8.03,175.1,1.8,8.59
12/1/24,10:59:21PM,MiniOcean,,,75.8,-5823.2,-404.82,48923,32.42,8.02,179.6,1.87,8.96
12/1/24,11:14:21PM,MiniOcean,,,75.8,-5720.1,-397.74,48909,32.42,8.02,174.3,2,10.36
12/1/24,11:29:21PM,MiniOcean,,,75.8,-5198,-361.44,48908,32.42,8.02,180.5,2.11,8.92
12/1/24,11:44:21PM,MiniOcean,,,75.8,-4841.4,-336.58,48921,32.42,8.02,178.6,1.82,8.5
12/1/24,11:59:21PM,MiniOcean,,,75.8,-5228.4,-363.58,48905,32.42,8.02,181,1.98,8.2
12/2/24,00:14:21AM,MiniOcean,,,75.8,-5868.6,-408.12,48903,32.42,8.02,181.6,1.72,9.19
12/2/24,00:29:20AM,MiniOcean,,,75.8,-5176.2,-359.98,48906,32.43,8.02,180.4,1.97,9.74
12/2/24,00:44:20AM,MiniOcean,,,75.7,-7470.7,-519.64,48895,32.43,8.02,181.3,2.79,9.06
12/2/24,00:59:20AM,MiniOcean,,,75.7,-7486.3,-520.71,48896,32.43,8.02,180.3,2.24,8.77
12/2/24,01:14:20AM,MiniOcean,,,75.7,-6430.3,-447.32,48889,32.43,8.01,182.3,1.86,10.35
12/2/24,01:29:20AM,MiniOcean,,,75.7,-5486.7,-381.71,48885,32.43,8.02,183.4,2.05,9.88
12/2/24,01:44:20AM,MiniOcean,,,75.7,-6243.8,-434.45,48876,32.43,8.02,183.2,1.86,10.54
12/2/24,01:59:20AM,MiniOcean,,,75.7,-6880.1,-478.74,48879,32.43,8.02,185.2,2.44,9.69
12/2/24,02:14:20AM,MiniOcean,,,75.7,-6777.3,-471.7,48864,32.43,8.02,184.6,2.47,9.24
12/2/24,02:29:20AM,MiniOcean,,,75.7,-6175.6,-429.86,48858,32.43,8.02,185,2.23,10.15
12/2/24,02:44:20AM,MiniOcean,,,75.7,-6215.7,-432.65,48856,32.43,8.02,186,2.11,10.5
12/2/24,02:59:20AM,MiniOcean,,,75.7,-7891.3,-549.34,48854,32.43,8.01,183.8,2.11,13.37
12/2/24,03:14:20AM,MiniOcean,,,75.6,-8181.5,-569.61,48844,32.43,8.01,183,2.31,10.21
12/2/24,03:29:20AM,MiniOcean,,,75.7,-7659.8,-533.78,48600,32.24,8.01,183.6,1.89,10.56
12/2/24,03:44:20AM,MiniOcean,,,75.6,-12783.1,-890,48838,32.42,8.01,184.4,3.62,13.06
12/2/24,03:59:20AM,MiniOcean,,,75.6,-28151.9,-1959.93,48844,32.43,8,186.3,2.25,9.85
12/2/24,04:14:20AM,MiniOcean,,,75.6,-10893.6,-758.48,48838,32.43,8.01,184.3,2.14,10.36
12/2/24,04:29:20AM,MiniOcean,,,75.6,-15934.8,-1109.63,48841,32.43,8.01,185.4,2.33,12
12/2/24,04:44:20AM,MiniOcean,,,75.6,-31628.9,-2202.71,48824,32.43,8.01,185.9,2.26,10.68
12/2/24,04:59:20AM,MiniOcean,,,75.6,-13202.8,-919.42,48820,32.42,8.01,186.8,2.82,10.74
12/2/24,05:14:20AM,MiniOcean,,,75.5,-12891.4,-899.07,48751,32.43,8.01,183.5,3.32,11.02
12/2/24,05:29:19AM,MiniOcean,,,75.3,-11833.1,-826.17,48695,32.44,8,174.6,1.61,11.89
12/2/24,05:44:19AM,MiniOcean,,,75.2,-8371.1,-585.11,48640,32.44,8.01,172.2,2.54,10.6
12/2/24,05:59:19AM,MiniOcean,,,75.2,-8700.9,-608.46,48613,32.45,8.01,170.2,2.77,11.36
12/2/24,06:14:19AM,MiniOcean,,,75.2,-6243.2,-436.34,48634,32.44,8.01,160.6,2.67,2.16
12/2/24,06:29:19AM,MiniOcean,,,75.2,-4044,-282.59,48642,32.44,8.02,161.2,3.05,9.17
12/2/24,06:44:19AM,MiniOcean,,,75.2,-1959.9,-136.97,48642,32.44,8.02,164.2,3.04,10.37
12/2/24,06:59:19AM,MiniOcean,,,75.2,61.8,4.32,48642,32.44,8.02,169.1,2.66,5.24
12/2/24,07:14:19AM,MiniOcean,,,75.2,1887.9,131.97,48636,32.45,8.03,173.1,3.27,7.38
12/2/24,07:29:19AM,MiniOcean,,,75.2,3512.3,245.51,48635,32.44,8.03,176.5,4.23,6.31
12/2/24,07:44:19AM,MiniOcean,,,75.2,5315.7,371.61,48632,32.45,8.03,179.1,3.31,7.54
12/2/24,07:59:19AM,MiniOcean,,,75.2,8046.9,562.44,48644,32.45,8.04,182.2,3.65,8.98
12/2/24,08:14:19AM,MiniOcean,,,75.3,14019.8,979.32,48674,32.45,8.05,183.3,2.01,7.24
12/2/24,08:29:19AM,MiniOcean,,,75.4,19959.3,1392.85,48729,32.44,8.07,185.1,4.07,15.54
12/2/24,08:44:19AM,MiniOcean,,,75.5,25835.2,1801.11,48785,32.44,8.08,187.9,4.09,13.54
12/2/24,08:59:19AM,MiniOcean,,,75.6,31369.3,2183.88,48860,32.44,8.1,190.4,3.99,11.82
12/2/24,09:30:37AM,R1,,,75.6,18183.1,1248.98,52048,34.84,7.91,170.6,1.61,7.39
12/2/24,09:32:51AM,R2,,,75.4,16569.6,1141.1,51774,34.72,7.93,172.4,1.28,2.95
12/2/24,03:23:13PM,MiniOcean,,,76.1,44103.5,3057.67,49003,32.35,8.09,202.3,0.94,2.95
12/4/24,01:45:09PM,R1,,,74.6,20648.9,1432.78,51355,34.75,7.91,164.5,0.75,1.22
12/4/24,01:47:17PM,R2,,,75.4,16625.5,1148.76,51089,34.23,7.87,163,0.84,0.69
12/4/24,02:30:09PM,MiniOcean,,,75.6,51025.4,3558.85,48519,32.2,8.11,187.4,0.87,0.68
12/5/24,01:09:17PM,R1,,,75.3,19705,1366.79,50367,33.71,7.84,200.1,0.35,-0.1
12/5/24,01:10:33PM,R2,,,75.2,18201.7,1261.56,50652,33.97,7.86,195.4,0.46,0.13
12/6/24,10:50:17AM,R1,,,75.4,19038.6,1317.26,50741,33.96,7.84,156.1,0.18,-0.26
12/6/24,10:52:29AM,R2,,,75.5,17133.5,1182.28,51173,34.23,7.85,154.9,0.29,-0.25
12/6/24,02:37:06PM,MiniOcean,,,76.3,53255.6,3689.95,48880,32.2,8.09,169.2,0.41,-0.31
12/9/24,02:54:30PM,MiniOcean,,,77.1,58916.8,4057.88,48959,31.95,8.1,127.3,0.26,-2.67
12/10/24,11:06:59AM,R1,,,75.3,21079.2,1454.77,51417,34.48,7.82,112.7,-0.53,-3.93
12/10/24,11:09:34AM,R2,,,75.5,18510.4,1271.39,52176,34.97,7.84,113.2,-0.49,-4
12/10/24,02:33:41PM,MiniOcean,,,77.1,61660.8,4243.29,49016,31.96,8.13,122.3,-0.16,-2.86
12/12/24,11:31:49AM,R1,,,75.6,20501.1,1418.51,50452,33.67,7.82,204.3,-0.48,-3.82
12/12/24,11:41:56AM,R2,,,75.5,17187.8,1189.15,50565,33.77,7.87,197.1,-0.53,-4.06
12/12/24,02:32:18PM,MiniOcean,,,76.8,54915.6,3788.07,49050,32.12,8.09,140.7,-0.43,-3.42
12/13/24,02:31:18PM,MiniOcean,,,75.4,49159.4,3446.03,47641,31.64,8.07,121.1,-0.47,-3.71
12/16/24,02:38:15PM,MiniOcean,,,76.3,1430.6,99.11,48844,32.15,8.16,161.4,-0.38,-2.88
12/17/24,11:47:57AM,R1,,,75.4,372.2,25.77,50473,33.73,7.85,176.7,-0.52,-3.73
12/17/24,11:49:50AM,R2,,,75.4,328.4,22.75,50470,33.75,7.88,173.9,-0.52,-4.03
12/17/24,12:57:21PM,MiniOcean,,,76.1,1687.1,117.05,48943,32.33,8.19,138.5,-0.46,-3.6
12/19/24,02:57:10PM,MiniOcean,,,76.6,1676.9,115.89,48990,32.17,8.17,146.7,-0.28,-2.77
12/20/24,09:42:10AM,R1,,,75.3,379.7,26.3,50587,33.86,7.84,152.9,-0.52,-3.75
12/20/24,09:44:22AM,R2,,,75.5,351.5,24.26,51162,34.24,7.9,153.2,-0.46,-3.86
12/20/24,02:51:06PM,MiniOcean,,,76.3,1316,91.19,48835,32.16,8.14,158.2,-0.45,-3.62
12/20/24,03:23:33PM,MiniOcean,,,76.4,1418.1,98.15,48993,32.25,8.16,129.1,-0.3,-1.81
12/20/24,03:38:33PM,MiniOcean,,,76.3,1124.7,77.89,48979,32.27,8.15,133.2,-0.31,-1.55
12/20/24,03:53:33PM,MiniOcean,,,76.2,1018.9,70.61,48939,32.27,8.14,136.8,-0.24,-0.37
12/20/24,04:08:33PM,MiniOcean,,,76.2,912.6,63.28,48909,32.27,8.13,139.8,-0.27,-1.48
12/20/24,04:23:33PM,MiniOcean,,,76.1,827.2,57.38,48879,32.27,8.12,142.3,-0.24,-1.04
12/20/24,04:38:33PM,MiniOcean,,,76.1,748.8,51.96,48860,32.26,8.11,144.4,-0.27,-0.9
12/20/24,04:53:33PM,MiniOcean,,,76.1,680.1,47.2,48855,32.26,8.1,145.9,-0.22,-0.79
12/20/24,05:08:33PM,MiniOcean,,,76.1,629.4,43.66,48874,32.26,8.1,146.6,-0.23,-1.39
12/20/24,05:23:33PM,MiniOcean,,,76.2,574.7,39.84,48901,32.25,8.09,148.3,-0.31,-1.34
12/20/24,05:38:33PM,MiniOcean,,,76.2,519.9,36.04,48915,32.25,8.08,150,-0.26,-1.43
12/20/24,05:53:33PM,MiniOcean,,,76.2,478.9,33.2,48916,32.26,8.08,151.4,-0.24,-1.13
12/20/24,06:08:33PM,MiniOcean,,,76.2,439.6,30.48,48908,32.25,8.07,152.4,-0.21,-1.41
12/20/24,06:23:32PM,MiniOcean,,,76.1,414.8,28.78,48861,32.26,8.07,153.9,-0.28,-2.09
12/20/24,06:38:32PM,MiniOcean,,,76,341.9,23.74,48806,32.26,8.06,156.2,-0.22,-1.88
12/20/24,06:53:32PM,MiniOcean,,,75.9,259,18,48765,32.26,8.06,157.6,-0.27,-2.1
12/20/24,07:08:32PM,MiniOcean,,,75.9,184.1,12.8,48727,32.26,8.05,157.2,-0.27,-2.04
12/20/24,07:23:32PM,MiniOcean,,,75.8,106.4,7.4,48697,32.25,8.05,156.5,-0.27,-2.2
12/20/24,07:38:32PM,MiniOcean,,,75.7,99.6,6.93,48665,32.26,8.04,155.7,-0.33,-2.47
12/20/24,07:53:32PM,MiniOcean,,,75.7,36.4,2.54,48660,32.26,8.04,154.5,-0.3,-2.56
12/20/24,08:08:32PM,MiniOcean,,,75.7,9.9,0.69,48633,32.26,8.04,153.4,-0.26,-2.37
12/20/24,08:23:32PM,MiniOcean,,,75.6,38.1,2.66,48609,32.25,8.03,151.3,-0.3,-2.54
12/20/24,08:38:32PM,MiniOcean,,,75.6,11.1,0.77,48587,32.26,8.03,148.8,-0.27,-1.98
12/20/24,08:53:32PM,MiniOcean,,,75.6,-54.9,-3.83,48579,32.25,8.03,146.6,-0.32,-2.45
12/20/24,09:08:32PM,MiniOcean,,,75.6,-28,-1.95,48574,32.25,8.03,144.7,-0.28,-2.61
12/20/24,09:23:32PM,MiniOcean,,,75.6,-15.2,-1.06,48562,32.25,8.03,142.8,-0.33,-2.52
12/20/24,09:38:32PM,MiniOcean,,,75.6,-48,-3.35,48565,32.26,8.03,142.4,-0.37,-2.35
12/20/24,09:53:32PM,MiniOcean,,,75.5,-51.1,-3.56,48534,32.25,8.03,140.5,-0.34,-2.7
12/20/24,10:08:32PM,MiniOcean,,,75.5,-27.7,-1.93,48527,32.25,8.03,138.9,-0.32,-2.58
12/20/24,10:23:32PM,MiniOcean,,,75.5,-27.1,-1.89,48509,32.24,8.03,138.4,-0.33,-2.72
12/20/24,10:38:32PM,MiniOcean,,,75.5,-48.5,-3.39,48507,32.25,8.03,136.8,-0.3,-2.64
12/20/24,10:53:32PM,MiniOcean,,,75.4,-63.4,-4.43,48498,32.25,8.02,137,-0.07,-2.76
12/20/24,11:08:32PM,MiniOcean,,,75.4,-79.2,-5.54,48471,32.26,8.02,135,-0.38,-2.62
12/20/24,11:23:31PM,MiniOcean,,,75.4,-56.5,-3.95,48459,32.26,8.02,134.3,-0.28,-2.7
12/20/24,11:38:31PM,MiniOcean,,,75.3,-71.9,-5.03,48409,32.25,8.02,132.1,-0.36,-2.84
12/20/24,11:53:31PM,MiniOcean,,,75.2,-75.9,-5.31,48396,32.26,8.02,132.7,-0.33,-2.86
12/21/24,00:08:31AM,MiniOcean,,,75.2,-56.9,-3.98,48373,32.26,8.02,131.8,-0.32,-2.88
12/21/24,00:23:31AM,MiniOcean,,,75.1,-65.7,-4.6,48346,32.27,8.02,130.7,-0.33,-2.96
12/21/24,00:38:31AM,MiniOcean,,,75.1,-80.3,-5.62,48324,32.27,8.02,128.7,-0.35,-3.05
12/21/24,00:53:31AM,MiniOcean,,,75,-81.3,-5.7,48296,32.26,8.02,125.8,-0.39,-2.22
12/21/24,01:08:31AM,MiniOcean,,,75,-94.7,-6.64,48292,32.26,8.02,124.5,-0.34,-2.7
12/21/24,01:23:31AM,MiniOcean,,,75,-111.1,-7.79,48263,32.26,8.02,123,-0.35,-3.05
12/21/24,01:38:31AM,MiniOcean,,,74.9,-102,-7.16,48241,32.26,8.02,122,-0.35,-2.98
12/21/24,01:53:31AM,MiniOcean,,,75,-113.2,-7.94,48249,32.26,8.02,121.2,-0.31,-1.79
12/21/24,02:08:31AM,MiniOcean,,,74.9,-131.3,-9.22,48224,32.26,8.02,119.6,-0.32,-2.87
12/21/24,02:23:31AM,MiniOcean,,,74.9,-109.2,-7.67,48207,32.26,8.02,119.7,-0.35,-2.63
12/21/24,02:38:31AM,MiniOcean,,,74.8,-93.4,-6.56,48188,32.27,8.02,118.6,-0.33,-2.93
12/21/24,02:53:31AM,MiniOcean,,,74.8,-108,-7.58,48176,32.26,8.02,117.1,-0.35,-2.93
12/21/24,03:08:31AM,MiniOcean,,,74.8,-110.8,-7.78,48195,32.27,8.02,116.6,-0.2,-2.57
12/21/24,03:23:31AM,MiniOcean,,,74.8,-97.7,-6.87,48179,32.26,8.02,116.2,-0.31,-3.01
12/21/24,03:38:31AM,MiniOcean,,,74.8,-107.6,-7.56,48178,32.26,8.01,115.8,-0.34,-2.98
12/21/24,03:53:31AM,MiniOcean,,,74.8,-113.8,-8,48170,32.27,8.01,115.7,-0.35,-2.87
12/21/24,04:08:30AM,MiniOcean,,,74.8,-122.6,-8.62,48171,32.27,8.01,117.3,-0.35,-2.74
12/21/24,04:23:30AM,MiniOcean,,,74.8,-124.2,-8.73,48170,32.27,8.01,117.3,-0.36,-2.96
12/21/24,04:38:30AM,MiniOcean,,,74.8,-139,-9.76,48176,32.27,8.01,117.1,-0.34,-2.95
12/21/24,04:53:30AM,MiniOcean,,,74.8,-140.2,-9.85,48167,32.27,8.01,118.3,-0.29,-2.77
12/21/24,05:08:30AM,MiniOcean,,,74.7,-117.7,-8.27,48133,32.27,8.01,118,-0.36,0.41
12/21/24,05:23:30AM,MiniOcean,,,74.6,-129.9,-9.14,48080,32.28,8.01,119.1,-0.35,-2.97
12/21/24,05:38:30AM,MiniOcean,,,74.6,-138.3,-9.74,48059,32.28,8.01,119,-0.34,-2.53
12/21/24,05:53:30AM,MiniOcean,,,74.6,-139.4,-9.82,48043,32.27,8.01,114.6,-0.32,-2.9
12/21/24,06:08:30AM,MiniOcean,,,74.7,-120.8,-8.5,48092,32.26,8.01,107.9,-0.35,-2.88
12/21/24,06:23:30AM,MiniOcean,,,74.7,-84.2,-5.92,48119,32.27,8.01,106.7,-0.34,-2.86
12/21/24,06:38:30AM,MiniOcean,,,74.7,-54.4,-3.82,48134,32.26,8.01,109,-0.33,-2.82
12/21/24,06:53:30AM,MiniOcean,,,74.7,-24.6,-1.73,48141,32.27,8.02,113.8,-0.28,-2.56
12/21/24,07:08:30AM,MiniOcean,,,74.8,-0.5,-0.04,48150,32.27,8.02,119.2,-0.12,-1.93
12/21/24,07:23:30AM,MiniOcean,,,74.8,25.2,1.77,48159,32.26,8.02,124.5,-0.26,-2.19
12/21/24,07:38:30AM,MiniOcean,,,74.8,45.4,3.19,48163,32.27,8.02,127.6,0.21,-1.88
12/21/24,07:53:30AM,MiniOcean,,,74.8,70.1,4.92,48169,32.27,8.02,131.2,-0.02,-2.48
12/21/24,08:08:30AM,MiniOcean,,,74.8,136,9.55,48185,32.27,8.03,132.4,-0.05,-2.33
12/21/24,08:23:30AM,MiniOcean,,,74.9,240.7,16.89,48236,32.26,8.04,136.8,0.15,-1.48
12/21/24,08:38:30AM,MiniOcean,,,75.1,369.3,25.88,48312,32.26,8.06,139.5,0.12,-0.85
12/21/24,08:53:29AM,MiniOcean,,,75.2,508.5,35.58,48397,32.26,8.07,135.9,0.37,-1.17
12/21/24,09:08:29AM,MiniOcean,,,75.4,619.5,43.26,48493,32.26,8.08,124.2,0.03,-1.84
12/21/24,09:23:29AM,MiniOcean,,,75.6,765.2,53.34,48601,32.26,8.1,128.1,-0.01,-1.8
12/21/24,09:38:29AM,MiniOcean,,,75.8,893.5,62.18,48702,32.26,8.11,127,0.17,-1.38
12/21/24,09:53:29AM,MiniOcean,,,76,1016.5,70.6,48809,32.26,8.13,127.1,-0.01,-1.53
12/21/24,10:08:29AM,MiniOcean,,,76.1,1139.6,79.03,48895,32.26,8.14,120.3,0.02,-1.35
12/21/24,10:23:29AM,MiniOcean,,,76.3,1258,87.12,48974,32.26,8.16,124,0.06,-1.21
12/21/24,10:38:29AM,MiniOcean,,,76.4,1368.1,94.62,49042,32.26,8.18,127.8,0.15,-0.39
12/21/24,10:53:29AM,MiniOcean,,,76.5,1466.5,101.32,49098,32.25,8.19,128.3,0.19,1.18
12/21/24,11:08:29AM,MiniOcean,,,76.7,1550.1,106.98,49148,32.25,8.21,129.6,0.54,3.45
12/21/24,11:23:29AM,MiniOcean,,,76.8,1607.4,110.85,49178,32.23,8.22,129.8,0.58,5.67
12/21/24,11:38:29AM,MiniOcean,,,76.8,1645.8,113.43,49209,32.23,8.22,130.7,0.86,8.94
12/21/24,11:53:29AM,MiniOcean,,,76.9,1661,114.45,49211,32.22,8.23,130.9,1.18,10.44
12/21/24,12:08:29PM,MiniOcean,,,76.9,1684,115.99,49226,32.21,8.23,132.2,1.59,11.08
12/21/24,12:23:29PM,MiniOcean,,,76.9,1700.4,117.1,49211,32.19,8.24,133.5,1.59,15.69
12/21/24,12:38:29PM,MiniOcean,,,76.9,1707.6,117.66,49148,32.16,8.24,136.3,2.34,17.83
12/21/24,12:53:29PM,MiniOcean,,,76.9,1706.3,117.59,49140,32.16,8.24,138.2,3.48,50.23
12/21/24,01:08:29PM,MiniOcean,,,76.8,1701.3,117.27,49115,32.15,8.25,139.7,2.86,9.67
12/21/24,01:23:29PM,MiniOcean,,,76.8,1679.6,115.85,49069,32.14,8.24,142.2,3.19,13.04
12/21/24,01:38:29PM,MiniOcean,,,76.8,1655.1,114.16,49082,32.15,8.24,145.2,3.69,13.45
12/21/24,01:53:29PM,MiniOcean,,,76.7,1624.2,112.08,49058,32.15,8.24,148,4.15,16.47
12/21/24,02:08:28PM,MiniOcean,,,76.7,1587.8,109.62,49025,32.15,8.23,150.8,4.35,19.96
12/21/24,02:23:28PM,MiniOcean,,,76.6,1537.8,106.23,48996,32.15,8.23,153.1,4.9,21.97
12/21/24,02:38:28PM,MiniOcean,,,76.5,1473,101.82,48963,32.16,8.22,155.9,5.33,19.35
12/21/24,02:53:28PM,MiniOcean,,,76.4,1405.2,97.25,48910,32.16,8.21,158.7,5.41,20.01
12/21/24,03:08:28PM,MiniOcean,,,76.3,1332,92.29,48835,32.15,8.2,161.3,5.52,12.85
12/21/24,03:23:28PM,MiniOcean,,,76.3,1252.2,86.81,48777,32.13,8.19,163.9,6.09,13.86
12/21/24,03:38:28PM,MiniOcean,,,76.2,1168.1,81.05,48731,32.13,8.18,164.7,6.36,17.67
12/21/24,03:53:28PM,MiniOcean,,,76.1,1080.1,75.01,48690,32.14,8.17,166.8,6.3,14.98
12/21/24,04:08:28PM,MiniOcean,,,76.1,1003.6,69.71,48656,32.12,8.16,168.2,6.47,15.18
12/21/24,04:23:28PM,MiniOcean,,,76,920.1,63.93,48641,32.12,8.14,169.6,6.52,15.61
12/21/24,04:38:28PM,MiniOcean,,,76,858.6,59.67,48629,32.12,8.13,170.2,6.44,15.37
12/21/24,04:53:28PM,MiniOcean,,,76,795.9,55.31,48629,32.12,8.13,170.8,6.74,15.68
12/21/24,05:08:28PM,MiniOcean,,,76.1,733.9,50.98,48657,32.13,8.12,171.4,6.55,15.2
12/21/24,05:23:28PM,MiniOcean,,,76.1,678.3,47.11,48670,32.12,8.11,171.1,6.27,15.24
12/21/24,05:38:28PM,MiniOcean,,,76.1,631.8,43.86,48695,32.13,8.1,171.6,6.16,14.63
12/21/24,05:53:28PM,MiniOcean,,,76.1,594.1,41.25,48686,32.13,8.1,172.1,6.1,14.79
12/21/24,06:08:28PM,MiniOcean,,,76.1,555.2,38.55,48677,32.12,8.09,173,5.54,14.07
12/21/24,06:23:28PM,MiniOcean,,,76,475,33.01,48649,32.14,8.08,173.7,8.79,14.41
12/21/24,06:38:28PM,MiniOcean,,,75.9,416.5,28.96,48619,32.15,8.08,173.8,4.64,14.9
12/21/24,06:53:28PM,MiniOcean,,,75.8,337.8,23.52,48562,32.15,8.07,174.2,3.57,12.35
12/21/24,07:08:27PM,MiniOcean,,,75.8,267,18.6,48542,32.14,8.06,173.5,3.48,12.09
12/21/24,07:23:27PM,MiniOcean,,,75.8,217.9,15.17,48529,32.15,8.06,172.4,3.04,12.36
12/21/24,07:38:27PM,MiniOcean,,,75.7,172.2,12,48511,32.14,8.05,172.2,3.07,10.57
12/21/24,07:53:27PM,MiniOcean,,,75.7,141.4,9.85,48500,32.14,8.05,171.2,2.99,11.3
12/21/24,08:08:27PM,MiniOcean,,,75.7,115.9,8.08,48463,32.14,8.04,169.6,2.76,11.4
12/21/24,08:23:27PM,MiniOcean,,,75.6,87.4,6.1,48444,32.15,8.04,168.2,2.48,9.44
12/21/24,08:38:27PM,MiniOcean,,,75.5,56.6,3.95,48413,32.15,8.04,165.2,2.39,9.12
12/21/24,08:53:27PM,MiniOcean,,,75.5,30.1,2.1,48392,32.15,8.04,164.5,2.26,8.89
12/21/24,09:08:27PM,MiniOcean,,,75.5,20,1.4,48373,32.15,8.04,163,2.23,9.45
12/21/24,09:23:27PM,MiniOcean,,,75.4,19.5,1.36,48341,32.16,8.04,161.3,2.03,7.8
12/21/24,09:38:27PM,MiniOcean,,,75.3,-6.7,-0.47,48318,32.16,8.04,159.7,1.95,6.56
12/21/24,09:53:27PM,MiniOcean,,,75.3,0.1,0.01,48290,32.17,8.04,158.5,1.87,5.9
12/21/24,10:08:27PM,MiniOcean,,,75.2,3.4,0.24,48269,32.16,8.04,157,1.68,6.33
12/21/24,10:23:27PM,MiniOcean,,,75.2,9.1,0.64,48249,32.16,8.03,154.7,1.74,7.52
12/21/24,10:38:27PM,MiniOcean,,,75.1,-8.8,-0.62,48218,32.17,8.03,152.3,1.44,5.76
12/21/24,10:53:27PM,MiniOcean,,,75.1,-11.3,-0.79,48206,32.17,8.03,150.9,1.35,4.41
12/21/24,11:08:27PM,MiniOcean,,,75.1,-16.5,-1.16,48179,32.17,8.03,149.9,1.32,2.89
12/21/24,11:23:27PM,MiniOcean,,,75,-25.7,-1.8,48161,32.16,8.03,149,1.21,2.78
12/21/24,11:38:27PM,MiniOcean,,,75,-31.3,-2.19,48148,32.18,8.03,147.7,1.07,3.16
12/21/24,11:53:27PM,MiniOcean,,,75,-29.8,-2.09,48144,32.18,8.03,146.5,1.31,6.38
12/22/24,00:08:26AM,MiniOcean,,,74.9,-25.9,-1.82,48118,32.18,8.03,145.2,1.05,1.69
12/22/24,00:23:26AM,MiniOcean,,,74.9,-38.7,-2.72,48098,32.17,8.03,143.5,0.99,1.2
12/22/24,00:38:26AM,MiniOcean,,,74.9,-37,-2.6,48100,32.17,8.03,142.6,1.02,1.32
12/22/24,00:53:26AM,MiniOcean,,,74.8,-43.3,-3.04,48085,32.18,8.03,141.2,0.9,0.52
12/22/24,01:08:26AM,MiniOcean,,,74.8,-64.4,-4.53,48074,32.19,8.03,141.3,0.82,1.75
12/22/24,01:23:26AM,MiniOcean,,,74.8,-63.9,-4.49,48069,32.19,8.03,138.8,0.79,-0.34
12/22/24,01:38:26AM,MiniOcean,,,74.8,-67.2,-4.73,48060,32.18,8.03,139.2,0.96,-0.57
12/22/24,01:53:26AM,MiniOcean,,,74.8,-67.3,-4.73,48058,32.18,8.03,139,0.68,-0.85
12/22/24,02:08:26AM,MiniOcean,,,74.8,-95,-6.68,48042,32.18,8.02,137.8,0.62,-0.91
12/22/24,02:23:26AM,MiniOcean,,,74.8,-85.8,-6.03,48044,32.18,8.02,137.7,0.59,-0.63
12/22/24,02:38:26AM,MiniOcean,,,74.7,-98.5,-6.93,48040,32.2,8.02,137.4,0.59,-0.53
12/22/24,02:53:26AM,MiniOcean,,,74.8,-95.6,-6.72,48034,32.17,8.02,138.4,0.48,-1.25
12/22/24,03:08:26AM,MiniOcean,,,74.7,-90.1,-6.33,48030,32.19,8.02,137.9,0.38,-0.39
12/22/24,03:23:26AM,MiniOcean,,,74.7,-101.8,-7.16,48029,32.2,8.02,136.9,0.34,-1.1
12/22/24,03:38:26AM,MiniOcean,,,74.7,-115.9,-8.15,48023,32.19,8.02,137.1,0.38,-1.15
12/22/24,03:53:26AM,MiniOcean,,,74.7,-115,-8.09,48021,32.2,8.02,136.1,0.28,-1.53
12/22/24,04:08:26AM,MiniOcean,,,74.7,-131.3,-9.24,48021,32.2,8.02,134.8,0.3,-1.65
12/22/24,04:23:26AM,MiniOcean,,,74.7,-105.9,-7.45,48021,32.2,8.02,136.4,0.3,-1.42
12/22/24,04:38:26AM,MiniOcean,,,74.7,-114.8,-8.08,48018,32.2,8.02,135.5,0.22,-1.69
12/22/24,04:53:25AM,MiniOcean,,,74.7,-123.3,-8.68,48022,32.21,8.02,136.6,0.22,-1.69
12/22/24,05:08:25AM,MiniOcean,,,74.6,-127.5,-8.98,47974,32.2,8.02,136.4,0.22,-1.28
12/22/24,05:23:25AM,MiniOcean,,,74.5,-139.2,-9.81,47919,32.2,8.01,136.1,0.27,-0.58
12/22/24,05:38:25AM,MiniOcean,,,74.4,-168.9,-11.92,47904,32.22,8.01,133.2,0.2,-0.87
12/22/24,05:53:25AM,MiniOcean,,,74.4,-141.6,-9.99,47892,32.2,8.02,134.1,0.21,-0.91
12/22/24,06:08:25AM,MiniOcean,,,74.6,-130.3,-9.18,47957,32.2,8.01,128.5,0.23,-1.89
12/22/24,06:23:25AM,MiniOcean,,,74.6,-101.9,-7.18,47976,32.21,8.02,125.6,0.2,-1.79
12/22/24,06:38:25AM,MiniOcean,,,74.6,-66.2,-4.66,47996,32.21,8.02,126.8,0.47,-1.21
12/22/24,06:53:25AM,MiniOcean,,,74.7,-29.3,-2.06,48008,32.2,8.02,129.8,0.24,-1.24
12/22/24,07:08:25AM,MiniOcean,,,74.6,-12.8,-0.9,48010,32.21,8.02,134.3,0.2,-1.24
12/22/24,07:23:25AM,MiniOcean,,,74.7,18.4,1.3,48020,32.21,8.03,139.4,0.23,-1.13
12/22/24,07:38:25AM,MiniOcean,,,74.7,48.7,3.42,48027,32.21,8.03,143.3,0.25,-0.68
12/22/24,07:53:25AM,MiniOcean,,,74.7,77.4,5.45,48036,32.21,8.03,147.6,0.23,0.2
12/22/24,08:08:25AM,MiniOcean,,,74.7,134,9.42,48054,32.21,8.04,148.9,0.18,-0.67
12/22/24,08:23:25AM,MiniOcean,,,74.8,246.7,17.34,48099,32.21,8.05,151.2,0.24,-0.18
12/22/24,08:38:25AM,MiniOcean,,,74.9,381.8,26.8,48171,32.21,8.06,153.2,0.39,-0.14
12/22/24,08:53:25AM,MiniOcean,,,75.1,508.5,35.63,48259,32.21,8.08,148.9,0.32,0.08
12/22/24,09:08:25AM,MiniOcean,,,75.3,635,44.42,48351,32.21,8.09,139,0.22,0.59
12/22/24,09:23:25AM,MiniOcean,,,75.5,762.2,53.22,48451,32.21,8.1,132.5,0.39,1.68
12/22/24,09:38:24AM,MiniOcean,,,75.7,891.6,62.14,48551,32.2,8.12,137.4,0.29,1.44
12/22/24,09:53:24AM,MiniOcean,,,75.8,1011.4,70.37,48649,32.2,8.14,140.5,0.43,2.1
12/22/24,10:08:24AM,MiniOcean,,,76,1122.9,78,48736,32.2,8.15,144,0.38,2.24
12/22/24,10:23:24AM,MiniOcean,,,76.2,1236,85.74,48811,32.2,8.17,146.6,0.33,3.44
12/22/24,10:38:24AM,MiniOcean,,,76.3,1343.8,93.09,48875,32.19,8.18,148.5,0.43,5.79
12/22/24,10:53:24AM,MiniOcean,,,76.4,1448.4,100.23,48938,32.19,8.2,150.2,0.58,6.78
12/22/24,11:08:24AM,MiniOcean,,,76.5,1534.7,106.08,48987,32.17,8.21,150.8,0.74,10.34
12/22/24,11:23:24AM,MiniOcean,,,76.6,1588.7,109.72,49019,32.16,8.22,151.3,3.61,13.01
12/22/24,11:38:24AM,MiniOcean,,,76.7,1640.9,113.26,49042,32.15,8.23,152.1,3.67,13.53
12/22/24,11:53:24AM,MiniOcean,,,76.7,1661.5,114.66,49035,32.13,8.24,152.6,5.16,16.27
12/22/24,12:08:24PM,MiniOcean,,,76.8,1699.4,117.25,49049,32.13,8.24,155.1,7.54,21.95
12/22/24,12:23:24PM,MiniOcean,,,76.8,1729.9,119.34,49040,32.12,8.25,158.4,6.52,28.86
12/22/24,12:38:24PM,MiniOcean,,,76.7,1741.9,120.23,49011,32.12,8.26,159.2,7.96,32.99
12/22/24,12:53:24PM,MiniOcean,,,76.7,1732.9,119.64,48982,32.11,8.26,160.2,8.32,39.1
12/22/24,01:08:24PM,MiniOcean,,,76.7,1727.3,119.3,48931,32.08,8.26,162.2,9.03,45.63
12/22/24,01:23:24PM,MiniOcean,,,76.6,1711.5,118.27,48883,32.06,8.26,163.2,9.69,50.48
12/22/24,01:38:24PM,MiniOcean,,,76.6,1682.4,116.3,48848,32.05,8.25,164.6,11.62,56.64
12/22/24,01:53:24PM,MiniOcean,,,76.6,1640.5,113.47,48791,32.02,8.25,166.5,11.32,63.52
12/22/24,02:08:24PM,MiniOcean,,,76.5,1606,111.14,48733,32,8.25,168.3,7.49,65.69
12/22/24,02:23:24PM,MiniOcean,,,76.5,1555.3,107.7,48719,32.01,8.24,169.7,7.76,70.27
12/22/24,02:38:24PM,MiniOcean,,,76.4,1489.7,103.23,48676,32.01,8.23,171.6,8.14,59.1
12/22/24,02:53:23PM,MiniOcean,,,76.3,1415.9,98.18,48632,32.01,8.22,169.9,7.42,63.21
12/22/24,03:08:23PM,MiniOcean,,,76.2,1323.4,91.84,48575,32,8.21,171.9,7.59,60.89
12/22/24,03:23:23PM,MiniOcean,,,76.2,1224.6,85.04,48552,32.01,8.19,174.1,7.81,63.27
12/22/24,03:38:23PM,MiniOcean,,,76.1,1128.7,78.44,48501,31.99,8.18,175.8,8.01,63.24
12/22/24,03:53:23PM,MiniOcean,,,76.1,1028.5,71.5,48469,31.99,8.16,176.4,7.97,64.32
12/22/24,04:08:23PM,MiniOcean,,,76,942.2,65.52,48457,31.99,8.15,177.8,7.56,42.08
12/22/24,04:23:23PM,MiniOcean,,,76,856.2,59.55,48456,31.99,8.14,178.1,7.6,41.64
12/22/24,04:38:23PM,MiniOcean,,,76,792,55.08,48453,31.99,8.13,179.1,7.74,43.03
12/22/24,04:53:23PM,MiniOcean,,,76,735.6,51.17,48447,32,8.12,179.7,7.6,41.85
12/22/24,05:08:23PM,MiniOcean,,,76,681.6,47.41,48453,31.99,8.12,180.1,7.6,44.74
12/22/24,05:23:23PM,MiniOcean,,,76,634.9,44.14,48475,32,8.11,178.4,7.41,44.1
12/22/24,05:38:23PM,MiniOcean,,,76,585.8,40.73,48481,32,8.1,178.2,7.03,43.64
12/22/24,05:53:23PM,MiniOcean,,,76,541.4,37.64,48480,32,8.1,178.4,6.62,40.71
12/22/24,06:08:23PM,MiniOcean,,,75.9,502.3,34.96,48428,32.01,8.09,179.3,5.04,40.68
12/22/24,06:23:23PM,MiniOcean,,,75.8,423.5,29.5,48390,32.01,8.09,181.1,4.38,37.63
12/22/24,06:38:23PM,MiniOcean,,,75.8,363.3,25.33,48346,32.01,8.08,183,4.11,36.26
12/22/24,06:53:23PM,MiniOcean,,,75.7,291.9,20.36,48309,32,8.07,182.2,5.01,31.7
12/22/24,07:08:23PM,MiniOcean,,,75.7,232.1,16.19,48280,32.01,8.06,182.8,4.4,27.64
12/22/24,07:23:23PM,MiniOcean,,,75.6,197.1,13.76,48260,32.02,8.06,182.9,8.71,40.73
12/22/24,07:38:23PM,MiniOcean,,,75.5,153,10.69,48232,32.02,8.05,180.6,4.2,34.79
12/22/24,07:53:22PM,MiniOcean,,,75.4,121.5,8.49,48185,32.02,8.05,179.5,3.53,25.93
12/22/24,08:08:22PM,MiniOcean,,,75.3,90.8,6.35,48141,32.02,8.05,179.6,3.45,23.04
12/22/24,08:23:22PM,MiniOcean,,,75.3,50.8,3.56,48108,32.03,8.04,179.9,3.31,20.54
12/22/24,08:38:22PM,MiniOcean,,,75.2,18.6,1.3,48092,32.03,8.05,177.8,3.11,19.02
12/22/24,08:53:22PM,MiniOcean,,,75.2,24.4,1.71,48065,32.03,8.05,174.6,3.1,18.9
12/22/24,09:08:22PM,MiniOcean,,,75.1,13.5,0.95,48042,32.04,8.04,174.8,2.82,17.19
12/22/24,09:23:22PM,MiniOcean,,,75.1,2.2,0.15,48036,32.03,8.04,174.4,2.63,37.67
12/22/24,09:38:22PM,MiniOcean,,,75.1,-19.7,-1.38,48008,32.03,8.04,174.5,2.9,15.46
12/22/24,09:53:22PM,MiniOcean,,,75,-12.8,-0.9,48004,32.04,8.04,174,2.5,16.57
12/22/24,10:08:22PM,MiniOcean,,,75,-20.8,-1.46,48001,32.04,8.04,171.5,2.27,14.43
12/22/24,10:23:22PM,MiniOcean,,,75,-35.2,-2.47,47994,32.06,8.04,171.4,2.47,14.34
12/22/24,10:38:22PM,MiniOcean,,,74.9,-38.5,-2.7,47969,32.06,8.04,169,2.37,12.74
12/22/24,10:53:22PM,MiniOcean,,,74.9,-43.6,-3.06,47950,32.05,8.04,168.5,2.3,12.97
12/22/24,11:08:22PM,MiniOcean,,,74.9,-35.8,-2.51,47955,32.05,8.03,168.7,2.27,22.95
12/22/24,11:23:22PM,MiniOcean,,,74.9,-35.4,-2.49,47950,32.06,8.03,169.2,1.95,11.98
12/22/24,11:38:22PM,MiniOcean,,,74.9,-28.3,-1.99,47963,32.05,8.03,164.4,2,10.64
12/22/24,11:53:22PM,MiniOcean,,,74.9,-30.7,-2.16,47957,32.06,8.03,165.8,1.75,9.29
12/23/24,00:08:22AM,MiniOcean,,,74.9,-55.7,-3.91,47958,32.06,8.03,166.6,2.01,9.22
12/23/24,00:23:22AM,MiniOcean,,,74.9,-48.5,-3.4,47963,32.06,8.03,167.5,1.74,9.23
12/23/24,00:38:21AM,MiniOcean,,,74.9,-62.8,-4.41,47959,32.06,8.03,167.8,2.23,8.49
12/23/24,00:53:21AM,MiniOcean,,,74.9,-58.4,-4.1,47965,32.06,8.03,167.7,1.7,10.37
12/23/24,01:08:21AM,MiniOcean,,,74.9,-55.8,-3.92,47967,32.07,8.03,169,1.81,8.86
12/23/24,01:23:21AM,MiniOcean,,,74.9,-58,-4.08,47971,32.07,8.03,169.3,2.01,8.7
12/23/24,01:38:21AM,MiniOcean,,,74.9,-77.9,-5.47,47977,32.07,8.03,166.1,1.98,7.99
12/23/24,01:53:21AM,MiniOcean,,,74.9,-74.6,-5.24,47987,32.08,8.03,167.3,1.65,7.42
12/23/24,02:08:21AM,MiniOcean,,,74.9,-70.2,-4.93,47985,32.08,8.03,160.2,1.35,7.79
12/23/24,02:23:21AM,MiniOcean,,,74.9,-101,-7.09,47990,32.08,8.02,160.7,1.6,7.79
12/23/24,02:38:21AM,MiniOcean,,,74.9,-89,-6.26,47993,32.11,8.03,163.8,1.31,7.28
12/23/24,02:53:21AM,MiniOcean,,,75,-100,-7.02,48002,32.08,8.02,165.4,1.34,11.33
12/23/24,03:08:21AM,MiniOcean,,,74.9,-108.7,-7.64,47999,32.08,8.02,162,1.32,7.38
12/23/24,03:23:21AM,MiniOcean,,,75,-88.4,-6.21,48010,32.08,8.02,162.4,1.39,6.85
12/23/24,03:38:21AM,MiniOcean,,,74.9,-114.4,-8.03,48003,32.08,8.02,167,1.28,5.25
12/23/24,03:53:21AM,MiniOcean,,,74.9,-103.2,-7.25,48019,32.09,8.02,168.5,1.19,12.83
12/23/24,04:08:21AM,MiniOcean,,,75,-98.9,-6.94,48037,32.1,8.02,170.1,1.3,4.72
12/23/24,04:23:21AM,MiniOcean,,,75,-110.7,-7.77,48035,32.08,8.02,167.2,1.37,4.49
12/23/24,04:38:21AM,MiniOcean,,,75,-117,-8.22,48034,32.09,8.02,163.8,1.6,4.38
12/23/24,04:53:21AM,MiniOcean,,,75,-109.4,-7.68,48043,32.09,8.02,165.6,1.95,3.54
12/23/24,05:08:21AM,MiniOcean,,,74.9,-110.1,-7.73,48004,32.09,8.02,164.6,2.3,4.77
12/23/24,05:23:21AM,MiniOcean,,,75,-94.2,-6.61,48055,32.09,8.02,150.1,3.28,2.28
12/23/24,05:38:20AM,MiniOcean,,,75,-64.7,-4.54,48058,32.09,8.02,150.4,2.06,2.06
12/23/24,05:53:20AM,MiniOcean,,,75,-34,-2.39,48073,32.1,8.02,152.6,1.75,4.31
12/23/24,06:08:20AM,MiniOcean,,,75.1,-5.5,-0.39,48087,32.1,8.02,155.2,2.21,7.5
12/23/24,06:23:20AM,MiniOcean,,,75.1,18.1,1.27,48094,32.11,8.03,159.5,2.09,14.5
12/23/24,06:38:20AM,MiniOcean,,,75.1,44.8,3.15,48104,32.11,8.03,161.4,1.99,14.01
12/23/24,06:53:20AM,MiniOcean,,,75.1,57.7,4.04,48111,32.11,8.03,163.7,2.89,7.77
12/23/24,07:08:20AM,MiniOcean,,,75.1,65.6,4.6,48114,32.11,8.03,164.7,2.87,11.41
12/23/24,07:23:20AM,MiniOcean,,,75.1,72.2,5.06,48114,32.12,8.03,166.5,3.09,11.46
12/23/24,07:38:20AM,MiniOcean,,,75.1,94.5,6.63,48112,32.12,8.03,165.9,1.44,7.26
12/23/24,07:53:20AM,MiniOcean,,,75,117.3,8.23,48111,32.12,8.04,167.6,1.41,5.7
12/23/24,08:08:20AM,MiniOcean,,,75.1,158.8,11.14,48123,32.12,8.04,169.1,1.18,7.95
12/23/24,08:23:20AM,MiniOcean,,,75.2,263.2,18.44,48164,32.12,8.05,170.2,1.29,7.51
12/23/24,08:38:20AM,MiniOcean,,,75.2,390.3,27.32,48209,32.11,8.06,168.4,1.26,10.09
12/23/24,08:53:20AM,MiniOcean,,,75.4,514.2,35.96,48277,32.11,8.07,167,1.33,8.64
12/23/24,09:08:20AM,MiniOcean,,,75.5,624.2,43.58,48355,32.11,8.09,167.3,1.31,10.02
12/23/24,09:23:20AM,MiniOcean,,,75.7,762.9,53.19,48438,32.11,8.11,169,1.34,10.36
12/23/24,09:38:20AM,MiniOcean,,,75.8,889,61.89,48522,32.11,8.12,169.8,1.42,10.64
12/23/24,09:53:20AM,MiniOcean,,,76,1013.4,70.45,48600,32.11,8.14,171.1,1.52,10.59
12/23/24,10:08:20AM,MiniOcean,,,76.1,1127,78.24,48675,32.11,8.15,172.4,1.48,11.86
12/23/24,10:27:44AM,R1,,,75.4,396.3,27.32,51538,34.54,7.9,177.6,0.83,1.07
12/23/24,10:28:28AM,R2,,,75.3,383.3,26.35,52287,35.14,7.96,175.7,0.61,6.79
12/23/24,01:36:42PM,MiniOcean,,,75.9,1774,123.43,48544,32.1,8.23,103.4,-0.38,-3
12/23/24,01:51:42PM,MiniOcean,,,76.6,1767,122.03,49139,32.27,8.23,126.6,0.05,3.74
12/23/24,02:06:42PM,MiniOcean,,,76.5,1666.8,115.16,49126,32.28,8.23,142.6,0.37,6.45
12/23/24,02:21:42PM,MiniOcean,,,76.4,1540.8,106.55,49073,32.28,8.23,150.8,0.37,2.23
12/23/24,02:36:42PM,MiniOcean,,,76.4,1489.2,103.05,49035,32.27,8.22,156.8,0.28,2.92
12/23/24,02:51:42PM,MiniOcean,,,76.3,1450.5,100.43,48995,32.28,8.22,162,0.32,0.1
12/23/24,03:06:42PM,MiniOcean,,,76.2,1313.2,91.04,48924,32.28,8.21,165.3,0.18,0.22
12/23/24,03:21:42PM,MiniOcean,,,76.1,1202,83.4,48874,32.27,8.19,167.9,0.21,0.38
12/23/24,03:36:42PM,MiniOcean,,,76,1110.6,77.11,48837,32.27,8.18,170.4,0.25,0.84
12/23/24,03:51:42PM,MiniOcean,,,76,1012.4,70.33,48809,32.27,8.17,172.1,0.22,0.34
12/23/24,04:06:42PM,MiniOcean,,,75.9,920.3,63.95,48786,32.27,8.15,174.2,0.11,-0.45
12/23/24,04:21:42PM,MiniOcean,,,75.9,831.4,57.78,48772,32.27,8.14,175.7,0.14,-0.72
12/23/24,04:36:42PM,MiniOcean,,,75.9,773.6,53.77,48767,32.27,8.14,175.5,0.15,-0.39
12/23/24,04:51:42PM,MiniOcean,,,75.9,692.4,48.13,48768,32.26,8.12,175.2,0.06,-1.03
12/23/24,05:06:42PM,MiniOcean,,,75.9,650.8,45.23,48780,32.26,8.11,172.9,0.03,-0.88
12/23/24,05:21:42PM,MiniOcean,,,76,585.2,40.64,48809,32.26,8.1,168.6,-0.05,-1.19
12/23/24,05:36:42PM,MiniOcean,,,76,516.3,35.85,48818,32.26,8.1,166.4,1.92,7.07
12/23/24,05:51:42PM,MiniOcean,,,75.9,446,30.99,48789,32.27,8.09,168.9,-0.04,-0.21
12/23/24,06:06:41PM,MiniOcean,,,75.9,352.2,24.48,48762,32.26,8.08,171.8,-0.14,-1.3
12/23/24,06:21:41PM,MiniOcean,,,75.8,279.9,19.47,48728,32.26,8.07,171.4,-0.13,0.5
12/23/24,06:36:41PM,MiniOcean,,,75.8,229,15.94,48692,32.27,8.07,169.6,-0.17,-0.65
12/23/24,06:51:41PM,MiniOcean,,,75.7,170.7,11.88,48663,32.26,8.06,169.2,-0.1,-1.95
12/23/24,07:06:41PM,MiniOcean,,,75.7,103.2,7.19,48639,32.26,8.06,170,-0.11,-1.97
12/23/24,07:21:41PM,MiniOcean,,,75.6,82.7,5.77,48608,32.26,8.05,170.4,-0.28,-2.27
12/23/24,07:36:41PM,MiniOcean,,,75.5,73.6,5.14,48568,32.26,8.05,170,-0.29,-2.2
12/23/24,07:51:41PM,MiniOcean,,,75.5,45.6,3.19,48530,32.26,8.05,167.8,-0.28,-2.47
12/23/24,08:06:41PM,MiniOcean,,,75.4,1.8,0.13,48497,32.26,8.05,168.3,-0.34,-2.24
12/23/24,08:21:41PM,MiniOcean,,,75.4,1.7,0.12,48469,32.26,8.04,168.3,-0.33,-1.51
12/23/24,08:36:41PM,MiniOcean,,,75.3,1.9,0.13,48429,32.27,8.04,167.6,-0.33,0.48
12/23/24,08:51:41PM,MiniOcean,,,75.2,-26.8,-1.87,48407,32.27,8.04,166.8,-0.4,-2.67
12/23/24,09:06:41PM,MiniOcean,,,75.2,-17.1,-1.2,48368,32.26,8.04,164.6,-0.41,-2.64
12/23/24,09:21:41PM,MiniOcean,,,75.1,-30.5,-2.13,48355,32.27,8.04,161.1,-0.31,-2.85
12/23/24,09:36:41PM,MiniOcean,,,75.1,-32.1,-2.25,48318,32.27,8.04,160.4,-0.36,-2.85
12/23/24,09:51:41PM,MiniOcean,,,75.1,-56.1,-3.93,48300,32.26,8.04,159.6,-0.39,-3.03
12/23/24,10:06:41PM,MiniOcean,,,75,-66.9,-4.69,48289,32.27,8.04,156,-0.4,-2.8
12/23/24,10:21:41PM,MiniOcean,,,75,-59.3,-4.16,48258,32.27,8.04,155.2,-0.4,-2.72
12/23/24,10:36:41PM,MiniOcean,,,74.9,-58.3,-4.09,48255,32.27,8.04,154.2,-0.34,-2.73
12/23/24,10:51:41PM,MiniOcean,,,74.9,-52.8,-3.71,48240,32.27,8.04,153.8,-0.41,-2.69
12/23/24,11:06:40PM,MiniOcean,,,74.9,-78.7,-5.52,48229,32.27,8.04,153.8,-0.39,-2.96
12/23/24,11:21:40PM,MiniOcean,,,74.9,-73.5,-5.16,48213,32.27,8.03,152.5,-0.42,-3.06
12/23/24,11:36:40PM,MiniOcean,,,74.9,-74.8,-5.25,48213,32.27,8.03,151.3,-0.4,-2.96
12/23/24,11:51:40PM,MiniOcean,,,74.8,-110.9,-7.79,48206,32.28,8.03,151.5,-0.28,-2.69
12/24/24,00:06:40AM,MiniOcean,,,74.8,-89.4,-6.28,48188,32.28,8.03,150.5,-0.4,0.35
12/24/24,00:21:40AM,MiniOcean,,,74.8,-76.2,-5.35,48185,32.27,8.03,149.9,-0.41,-3.03
12/24/24,00:36:40AM,MiniOcean,,,74.8,-96,-6.75,48181,32.28,8.03,150.6,-0.37,-2.97
12/24/24,00:51:40AM,MiniOcean,,,74.8,-92.7,-6.51,48179,32.27,8.03,148.9,-0.41,-3.11
12/24/24,01:06:40AM,MiniOcean,,,74.8,-84.2,-5.92,48177,32.27,8.03,148.1,-0.4,-3.13
12/24/24,01:21:40AM,MiniOcean,,,74.8,-118.1,-8.3,48177,32.27,8.03,149.3,-0.43,-2.51
12/24/24,01:36:40AM,MiniOcean,,,74.8,-111,-7.8,48178,32.27,8.03,148.2,-0.45,-2.99
12/24/24,01:51:40AM,MiniOcean,,,74.8,-98.6,-6.93,48184,32.28,8.03,148.4,-0.31,-2.77
12/24/24,02:06:40AM,MiniOcean,,,74.8,-96.2,-6.76,48191,32.28,8.03,147.3,-0.37,-2.92
12/24/24,02:21:40AM,MiniOcean,,,74.8,-105.5,-7.41,48186,32.28,8.03,146.7,-0.37,-2.87
12/24/24,02:36:40AM,MiniOcean,,,74.7,-102.5,-7.21,48149,32.28,8.03,147.5,-0.37,-2.98
12/24/24,02:51:40AM,MiniOcean,,,74.7,-147.9,-10.39,48154,32.28,8.03,146,-0.38,-2.68
12/24/24,03:06:40AM,MiniOcean,,,74.7,-112.4,-7.9,48155,32.28,8.02,143.9,-0.39,-2.96
12/24/24,03:21:40AM,MiniOcean,,,74.8,-146.2,-10.27,48182,32.28,8.02,144,-0.36,-2.83
12/24/24,03:36:40AM,MiniOcean,,,74.8,-118,-8.29,48185,32.28,8.02,143.4,-0.35,-2.91
12/24/24,03:51:39AM,MiniOcean,,,74.8,-119.8,-8.42,48179,32.28,8.02,133.9,-0.35,-2.83
12/24/24,04:06:39AM,MiniOcean,,,74.8,-102.6,-7.21,48185,32.28,8.02,141.5,-0.39,-2.83
12/24/24,04:21:39AM,MiniOcean,,,74.8,-120.1,-8.44,48189,32.28,8.02,144.8,-0.36,-2.94
12/24/24,04:36:39AM,MiniOcean,,,74.8,-113.4,-7.97,48198,32.28,8.02,147.3,-0.25,-2.65
12/24/24,04:51:39AM,MiniOcean,,,74.8,-116.6,-8.19,48207,32.28,8.02,149.7,-0.37,-3.02
12/24/24,05:06:39AM,MiniOcean,,,74.7,-112.9,-7.94,48180,32.31,8.02,146.9,-0.33,-2.63
12/24/24,05:21:39AM,MiniOcean,,,74.7,-88.5,-6.22,48133,32.27,8.02,143.2,-0.34,-2.68
12/24/24,05:36:39AM,MiniOcean,,,74.7,-52.8,-3.71,48134,32.27,8.02,144.8,-0.4,-2.95
12/24/24,05:51:39AM,MiniOcean,,,74.7,-22.2,-1.56,48139,32.28,8.03,148.9,-0.37,-2.86
12/24/24,06:06:39AM,MiniOcean,,,74.7,4.6,0.32,48143,32.28,8.03,152,-0.38,-2.95
12/24/24,06:21:39AM,MiniOcean,,,74.7,26.9,1.89,48137,32.29,8.03,157.4,-0.35,-2.72
12/24/24,06:36:39AM,MiniOcean,,,74.7,43.3,3.05,48155,32.3,8.03,161,-0.37,-2.72
12/24/24,06:51:39AM,MiniOcean,,,74.7,66.6,4.68,48162,32.29,8.03,164.3,-0.37,-2.5
12/24/24,07:06:39AM,MiniOcean,,,74.7,84.6,5.95,48168,32.28,8.03,167.2,-0.29,-2.61
12/24/24,07:21:39AM,MiniOcean,,,74.8,94.2,6.62,48163,32.28,8.04,169.9,-0.33,-2.53
12/24/24,07:36:39AM,MiniOcean,,,74.7,99.6,7,48168,32.29,8.04,172.2,-0.28,-2.55
12/24/24,07:51:39AM,MiniOcean,,,74.7,127.5,8.96,48172,32.29,8.04,173.8,-0.36,-2.54
12/24/24,08:06:39AM,MiniOcean,,,74.8,165.8,11.65,48187,32.29,8.04,175,-0.37,-2.8
12/24/24,08:21:39AM,MiniOcean,,,74.9,248.7,17.46,48224,32.28,8.05,175.7,-0.22,-2.36
12/24/24,08:36:38AM,MiniOcean,,,75,373.9,26.22,48293,32.28,8.06,176.2,-0.28,-2.48
12/24/24,08:51:38AM,MiniOcean,,,75.1,476.7,33.38,48365,32.28,8.08,175.4,-0.24,-1.94
12/24/24,09:06:38AM,MiniOcean,,,75.3,602.7,42.14,48456,32.28,8.09,175.4,-0.31,-2.49
12/24/24,09:21:38AM,MiniOcean,,,75.5,711.7,49.68,48551,32.28,8.1,174.9,-0.34,-2.62
12/24/24,09:36:38AM,MiniOcean,,,75.7,835.1,58.17,48666,32.28,8.12,172.6,-0.38,-2.66
12/24/24,09:51:38AM,MiniOcean,,,75.9,958.2,66.62,48762,32.27,8.13,168.8,-0.34,-2.66
12/24/24,10:06:38AM,MiniOcean,,,76,1075.3,74.64,48861,32.28,8.15,168.3,-0.36,-2.72
12/24/24,10:21:38AM,MiniOcean,,,76.2,1206.2,83.6,48943,32.28,8.16,165.4,-0.35,-2.75
12/24/24,10:36:38AM,MiniOcean,,,76.3,1303.4,90.21,49019,32.28,8.17,163.6,-0.34,-2.78
12/24/24,10:51:38AM,MiniOcean,,,76.5,1409.7,97.45,49092,32.28,8.2,158.3,-0.34,-2.87
12/24/24,11:06:38AM,MiniOcean,,,76.6,1530.9,105.72,49147,32.28,8.21,151.2,-0.36,-2.88
12/24/24,11:21:38AM,MiniOcean,,,76.7,1599.5,110.34,49208,32.28,8.22,149.5,-0.33,-2.71
12/24/24,11:36:38AM,MiniOcean,,,76.8,1658.8,114.35,49244,32.27,8.23,147.4,-0.36,-2.83
12/24/24,11:51:38AM,MiniOcean,,,76.8,1670.7,115.14,49267,32.28,8.24,145.9,-0.37,-2.74
12/24/24,12:06:38PM,MiniOcean,,,76.8,1699.9,117.1,49290,32.28,8.24,143.3,-0.35,-2.85
12/24/24,12:21:38PM,MiniOcean,,,76.9,1714.2,118.07,49293,32.27,8.25,144.5,-0.36,-2.96
12/24/24,12:36:38PM,MiniOcean,,,76.8,1723,118.73,49264,32.27,8.25,145.1,-0.29,-2.71
12/24/24,12:51:38PM,MiniOcean,,,76.8,1699.7,117.15,49242,32.26,8.25,147.2,-0.34,-2.69
12/24/24,01:06:38PM,MiniOcean,,,76.8,1690.7,116.54,49236,32.26,8.25,151,-0.31,-1.97
12/24/24,01:21:38PM,MiniOcean,,,76.7,1682.7,116.05,49212,32.27,8.25,154.9,-0.26,-2.28
12/24/24,01:36:37PM,MiniOcean,,,76.7,1623.2,111.95,49211,32.27,8.25,158.3,-0.23,-2.17
12/24/24,01:51:37PM,MiniOcean,,,76.7,1586,109.45,49172,32.26,8.25,161.9,-0.2,-1.84
12/24/24,02:06:37PM,MiniOcean,,,76.6,1555.3,107.37,49153,32.27,8.24,164.8,-0.17,-1.54
12/24/24,02:21:37PM,MiniOcean,,,76.6,1497.2,103.43,49111,32.26,8.24,167.5,-0.19,-0.88
12/24/24,02:36:37PM,MiniOcean,,,76.5,1433,99.06,49070,32.26,8.23,170.5,-0.14,-1.35
12/24/24,02:51:37PM,MiniOcean,,,76.4,1368.3,94.68,49017,32.26,8.22,172.3,-0.14,-1.07
12/24/24,03:06:37PM,MiniOcean,,,76.3,1269.8,87.94,48964,32.26,8.21,174.2,-0.11,-0.85
12/24/24,03:21:37PM,MiniOcean,,,76.2,1164.6,80.73,48909,32.25,8.2,176.2,-0.07,-0.51
12/24/24,03:36:37PM,MiniOcean,,,76.1,1061.1,73.6,48875,32.25,8.18,179.7,-0.07,-0.38
12/24/24,03:51:37PM,MiniOcean,,,76.1,977,67.8,48846,32.25,8.17,182.2,0.1,0.54
12/24/24,04:06:37PM,MiniOcean,,,76.1,902.9,62.67,48822,32.24,8.16,184.1,0.19,1.04
12/24/24,04:21:37PM,MiniOcean,,,76,828,57.49,48809,32.25,8.15,185.4,-0.02,0.13
12/24/24,04:36:37PM,MiniOcean,,,76,756.7,52.55,48798,32.24,8.14,187,-0.07,0.21
12/24/24,04:51:37PM,MiniOcean,,,76,701.4,48.71,48789,32.24,8.13,187.9,-0.05,-0.38
12/24/24,05:06:37PM,MiniOcean,,,76,651.2,45.23,48793,32.25,8.12,188.5,-0.06,-0.12
12/24/24,05:21:37PM,MiniOcean,,,76,564.2,39.19,48789,32.25,8.11,183.8,-0.1,-0.34
12/24/24,05:36:37PM,MiniOcean,,,76,481.6,33.46,48776,32.25,8.1,186.2,-0.09,-0.68
12/24/24,05:51:37PM,MiniOcean,,,75.9,377.5,26.24,48753,32.25,8.09,183.3,-0.13,-0.69
12/24/24,06:06:37PM,MiniOcean,,,75.9,312.7,21.74,48734,32.25,8.08,183.8,-0.1,-0.48
12/24/24,06:21:37PM,MiniOcean,,,75.9,222.4,15.47,48713,32.25,8.07,183.3,-0.2,-1
12/24/24,06:36:36PM,MiniOcean,,,75.8,193.7,13.48,48684,32.25,8.07,180.3,-0.2,-1.59
12/24/24,06:51:36PM,MiniOcean,,,75.7,152.5,10.62,48658,32.25,8.06,180.7,-0.27,-1.11
12/24/24,07:06:36PM,MiniOcean,,,75.7,104.7,7.29,48632,32.25,8.06,179.4,-0.08,-1.22
12/24/24,07:21:36PM,MiniOcean,,,75.7,51.5,3.59,48624,32.25,8.05,179.8,-0.03,-1.2
12/24/24,07:36:36PM,MiniOcean,,,75.7,42.6,2.97,48607,32.25,8.05,171.3,-0.26,-1.93
12/24/24,07:51:36PM,MiniOcean,,,75.6,43.1,3.01,48574,32.25,8.05,173.1,-0.31,-2.17
12/24/24,08:06:36PM,MiniOcean,,,75.5,32.9,2.29,48544,32.25,8.05,174.4,-0.28,-1.6
12/24/24,08:21:36PM,MiniOcean,,,75.5,7.9,0.55,48521,32.25,8.04,173.8,-0.3,-2.26
12/24/24,08:36:36PM,MiniOcean,,,75.4,-10.4,-0.72,48487,32.25,8.04,172.4,-0.36,-2.09
12/24/24,08:51:36PM,MiniOcean,,,75.4,-15,-1.05,48459,32.25,8.04,173.4,-0.39,-2.23
12/24/24,09:06:36PM,MiniOcean,,,75.3,-16.1,-1.12,48429,32.26,8.04,163.2,-0.39,-1.78
12/24/24,09:21:36PM,MiniOcean,,,75.3,-7.4,-0.52,48406,32.25,8.04,166.8,-0.4,-2.4
12/24/24,09:36:36PM,MiniOcean,,,75.2,-39.2,-2.74,48385,32.25,8.04,168.8,-0.37,-3.01
12/24/24,09:51:36PM,MiniOcean,,,75.2,-64.6,-4.52,48368,32.25,8.04,169.1,-0.4,-3.05
12/24/24,10:06:36PM,MiniOcean,,,75.1,-52.4,-3.67,48282,32.21,8.02,170.5,-0.23,-2.96
12/24/24,10:21:36PM,MiniOcean,,,75.1,-64.6,-4.53,48274,32.22,8.04,160.2,-0.4,-2.85
12/24/24,10:36:36PM,MiniOcean,,,75.1,-63.8,-4.47,48233,32.21,8.04,162.7,-0.4,-3.09
12/24/24,10:51:36PM,MiniOcean,,,75,-55.7,-3.91,48224,32.21,8.04,162.4,-0.39,-1.57
12/24/24,11:06:36PM,MiniOcean,,,75,-66.7,-4.67,48280,32.26,8.03,164.4,-0.38,-3.12
12/24/24,11:21:36PM,MiniOcean,,,75,-77.9,-5.46,48230,32.23,8.03,165,-0.39,-3.04
12/24/24,11:36:35PM,MiniOcean,,,75,-96.6,-6.78,48207,32.23,8.03,163.3,-0.4,-1.96
12/24/24,11:51:35PM,MiniOcean,,,74.9,-84,-5.89,48195,32.23,8.03,164.3,-0.35,-2.75
12/25/24,00:06:35AM,MiniOcean,,,74.9,-91.3,-6.41,48178,32.22,8.03,159.8,-0.42,-3.04
12/25/24,00:21:35AM,MiniOcean,,,74.9,-87.1,-6.11,48160,32.23,8.03,163.3,-0.41,-3.01
12/25/24,00:36:35AM,MiniOcean,,,74.9,-95.9,-6.74,48167,32.23,8.03,165,-0.37,-2.98
12/25/24,00:51:35AM,MiniOcean,,,74.8,-96,-6.75,48148,32.24,8.03,165.5,-0.34,-2.91
12/25/24,01:06:35AM,MiniOcean,,,74.8,-109.5,-7.69,48157,32.25,8.03,165.7,-0.42,-3.24
12/25/24,01:21:35AM,MiniOcean,,,74.8,-136.4,-9.58,48143,32.23,8.03,166.4,-0.38,-3.05
12/25/24,01:36:35AM,MiniOcean,,,74.8,-118,-8.29,48119,32.23,8.03,165.5,-0.4,-3.01
12/25/24,01:51:35AM,MiniOcean,,,74.8,-133.5,-9.38,48119,32.23,8.03,166.3,-0.42,-2.88
12/25/24,02:06:35AM,MiniOcean,,,74.8,-112.1,-7.88,48114,32.23,8.03,163.1,-0.4,-2.92
12/25/24,02:21:35AM,MiniOcean,,,74.8,-136.3,-9.58,48169,32.27,8.03,163.3,-0.44,-3.2
12/25/24,02:36:35AM,MiniOcean,,,74.8,-112.6,-7.91,48120,32.24,8.03,162.2,-0.4,-3.15
12/25/24,02:51:35AM,MiniOcean,,,74.8,-120.2,-8.45,48125,32.23,8.02,163.8,-0.37,-2.62
12/25/24,03:06:35AM,MiniOcean,,,74.8,-127.5,-8.96,48128,32.25,8.03,165.2,-0.39,-2.88
12/25/24,03:21:35AM,MiniOcean,,,74.8,-122.6,-8.62,48123,32.24,8.02,165.3,-0.45,-2.99
12/25/24,03:36:35AM,MiniOcean,,,74.8,-148.5,-10.43,48176,32.27,8.02,167.6,-0.43,-2.92
12/25/24,03:51:35AM,MiniOcean,,,74.8,-134,-9.42,48114,32.23,8.02,167.6,-0.39,-2.83
12/25/24,04:06:35AM,MiniOcean,,,74.8,-138.2,-9.72,48115,32.24,8.02,167.2,-0.31,-2.58
12/25/24,04:21:34AM,MiniOcean,,,74.8,-130,-9.13,48122,32.24,8.02,168.4,-0.42,-3.04
12/25/24,04:36:34AM,MiniOcean,,,74.8,-129.1,-9.07,48123,32.23,8.02,164.8,-0.4,-3
12/25/24,04:51:34AM,MiniOcean,,,74.8,-130.8,-9.19,48122,32.23,8.02,167.2,-0.39,-2.93
12/25/24,05:06:34AM,MiniOcean,,,74.7,-146.7,-10.32,48129,32.28,8.02,164.4,-0.38,-2.89
12/25/24,05:21:34AM,MiniOcean,,,74.6,-147.4,-10.38,48047,32.25,8.02,161,-0.35,-2.68
12/25/24,05:36:34AM,MiniOcean,,,74.6,-150.2,-10.58,48048,32.27,8.02,161.3,-0.28,-2.34
12/25/24,05:51:34AM,MiniOcean,,,74.5,-177.2,-12.48,47997,32.24,8.02,161.4,-0.33,-2.29
12/25/24,06:06:34AM,MiniOcean,,,74.5,-156.4,-11.02,47992,32.24,8.02,160.5,-0.26,-1.81
12/25/24,06:21:34AM,MiniOcean,,,74.5,-153.5,-10.82,47985,32.24,8.02,161.3,-0.12,-1.52
12/25/24,06:36:34AM,MiniOcean,,,74.5,-163.1,-11.5,47982,32.24,8.02,164.2,-0.21,-1.92
12/25/24,06:51:34AM,MiniOcean,,,74.5,-161.2,-11.36,47974,32.24,8.01,163.4,-0.19,-0.65
12/25/24,07:06:34AM,MiniOcean,,,74.5,-168.5,-11.88,47891,32.19,8.01,163,-0.24,-1.36
12/25/24,07:21:34AM,MiniOcean,,,74.5,-153.5,-10.82,47968,32.24,8.01,164.3,-0.18,-0.24
12/25/24,07:36:34AM,MiniOcean,,,74.5,-136.3,-9.61,47967,32.23,8.01,167,-0.32,-1.25
12/25/24,07:51:34AM,MiniOcean,,,74.5,-94.9,-6.69,47985,32.23,8.02,167.1,-0.28,-0.38
12/25/24,08:06:34AM,MiniOcean,,,74.6,-24.7,-1.74,48022,32.23,8.02,170.7,-0.33,-1.27
12/25/24,08:21:34AM,MiniOcean,,,74.7,82.4,5.8,48063,32.24,8.03,174.6,-0.37,-1.6
12/25/24,08:36:34AM,MiniOcean,,,74.8,214.9,15.1,48134,32.23,8.04,178.1,-0.37,-1.83
12/25/24,08:51:34AM,MiniOcean,,,75,373.2,26.16,48299,32.27,8.06,177.6,-0.25,-1.62
12/25/24,09:06:34AM,MiniOcean,,,75.2,526.9,36.89,48328,32.23,8.08,167.6,-0.34,-1
12/25/24,09:21:33AM,MiniOcean,,,75.4,630.7,44.07,48444,32.23,8.1,171.8,-0.25,-1.63
12/25/24,09:36:33AM,MiniOcean,,,75.6,784.4,54.72,48528,32.23,8.11,172,-0.36,-1.81
12/25/24,09:51:33AM,MiniOcean,,,75.7,908.5,63.26,48642,32.24,8.12,154.8,-0.35,-1.92
12/25/24,10:06:33AM,MiniOcean,,,75.9,1030.1,71.6,48717,32.21,8.14,166.6,-0.38,-2.27
12/25/24,10:21:33AM,MiniOcean,,,76.1,1126.7,78.2,48822,32.23,8.15,169.4,-0.36,-2.16
12/25/24,10:36:33AM,MiniOcean,,,76.2,1201.7,83.35,48860,32.24,8.17,169.1,-0.31,-2.23
12/25/24,10:51:33AM,MiniOcean,,,76.3,1293.8,89.64,48931,32.25,8.18,161,-0.37,-1.95
12/25/24,11:06:33AM,MiniOcean,,,76.4,1349.5,93.4,48979,32.24,8.19,163.3,-0.29,-1.76
12/25/24,11:21:33AM,MiniOcean,,,76.5,1448.7,100.17,49027,32.23,8.2,161.4,-0.36,-1.75
12/25/24,11:36:33AM,MiniOcean,,,76.5,1499.1,103.58,49080,32.24,8.21,159.3,-0.39,-1.86
12/25/24,11:51:33AM,MiniOcean,,,76.7,1564.5,108,49122,32.23,8.22,161.6,-0.3,-1.4
12/25/24,12:06:33PM,MiniOcean,,,76.7,1635.6,112.8,49170,32.23,8.23,162.9,-0.31,-1.61
12/25/24,12:21:33PM,MiniOcean,,,76.8,1683.2,116.05,49176,32.22,8.23,164.1,-0.32,-1.59
12/25/24,12:36:33PM,MiniOcean,,,76.7,1683,116.08,49167,32.23,8.24,164.5,-0.3,-1.47
12/25/24,12:51:33PM,MiniOcean,,,76.7,1680,115.88,49156,32.22,8.25,165.3,-0.26,-0.56
12/25/24,01:06:33PM,MiniOcean,,,76.7,1676.2,115.69,49027,32.13,8.25,167.4,-0.21,0.31
12/25/24,01:21:33PM,MiniOcean,,,76.7,1671.3,115.35,49113,32.22,8.25,170.2,-0.18,1.01
12/25/24,01:36:33PM,MiniOcean,,,76.7,1616.9,111.61,49114,32.22,8.25,171.7,-0.08,1.45
12/25/24,01:51:33PM,MiniOcean,,,76.6,1570.4,108.42,49093,32.21,8.24,172.8,0.01,1.79
12/25/24,02:06:33PM,MiniOcean,,,76.6,1525.4,105.35,49078,32.22,8.24,175.8,0.07,2.36
12/25/24,02:21:32PM,MiniOcean,,,76.5,1471.8,101.74,49016,32.21,8.23,177.9,0.1,3.25
12/25/24,02:36:32PM,MiniOcean,,,76.5,1404.8,97.15,49002,32.21,8.22,179.1,0.18,3.77
12/25/24,02:51:32PM,MiniOcean,,,76.4,1320.4,91.38,48972,32.22,8.21,180.4,0.18,2.58
12/25/24,03:06:32PM,MiniOcean,,,76.3,1220.1,84.52,48908,32.21,8.2,182.6,0.12,2.45
12/25/24,03:21:32PM,MiniOcean,,,76.2,1116.7,77.4,48866,32.21,8.19,184.3,0.21,3.58
12/25/24,03:36:32PM,MiniOcean,,,76.2,1035.9,71.85,48819,32.2,8.17,185.9,0.33,3.02
12/25/24,03:51:32PM,MiniOcean,,,76.1,956,66.35,48773,32.19,8.16,187.2,0.14,3.41
12/25/24,04:06:32PM,MiniOcean,,,76.1,883.7,61.36,48750,32.19,8.15,188,0.14,3.45
12/25/24,04:21:32PM,MiniOcean,,,76,811.3,56.38,48698,32.18,8.14,189.7,0.23,3.19
12/25/24,04:36:32PM,MiniOcean,,,76,748,52,48651,32.16,8.13,190.7,0.16,2.99
12/25/24,04:51:32PM,MiniOcean,,,75.9,695.5,48.36,48668,32.19,8.12,191.1,0.31,2.81
12/25/24,05:06:32PM,MiniOcean,,,75.9,651.2,45.29,48652,32.19,8.12,191.4,0.2,3.08
12/25/24,05:21:32PM,MiniOcean,,,75.9,597.2,41.54,48650,32.19,8.11,191.1,0.18,2.75
12/25/24,05:36:32PM,MiniOcean,,,75.8,541.7,37.69,48646,32.2,8.1,191.5,0.17,3.59
12/25/24,05:51:32PM,MiniOcean,,,75.8,460.8,32.06,48730,32.29,8.09,190.3,0.07,2.65
12/25/24,06:06:32PM,MiniOcean,,,75.7,378.7,26.37,48662,32.27,8.09,190.7,0.06,2.37
12/25/24,06:21:32PM,MiniOcean,,,75.6,299,20.84,48588,32.24,8.08,188.4,-0.04,0.86
12/25/24,06:36:32PM,MiniOcean,,,75.6,220.6,15.39,48514,32.22,8.07,188.6,0.78,1.11
12/25/24,06:51:32PM,MiniOcean,,,75.5,178,12.43,48405,32.17,8.07,180.3,-0.16,-0.2
12/25/24,07:06:32PM,MiniOcean,,,75.5,153.5,10.72,48498,32.25,8.06,170.2,-0.26,0.56
12/25/24,07:21:31PM,MiniOcean,,,75.4,106,7.4,48519,32.27,8.06,176,-0.19,-0.13
12/25/24,07:36:31PM,MiniOcean,,,75.4,81.7,5.71,48533,32.29,8.05,172.7,-0.29,-0.41
12/25/24,07:51:31PM,MiniOcean,,,75.4,49.9,3.48,48477,32.26,8.05,177,-0.31,-0.81
12/25/24,08:06:31PM,MiniOcean,,,75.3,25.6,1.79,48447,32.26,8.05,177.3,-0.14,0.48
12/25/24,08:21:31PM,MiniOcean,,,75.3,15.5,1.08,48264,32.14,8.04,168.7,-0.26,-1.91
12/25/24,08:36:31PM,MiniOcean,,,75.2,2.1,0.15,48342,32.22,8.04,170.8,-0.29,-1.83
12/25/24,08:51:31PM,MiniOcean,,,75.2,-9.7,-0.68,48290,32.19,8.04,172.5,-0.29,-1.3
12/25/24,09:06:31PM,MiniOcean,,,75.2,-22.1,-1.55,48362,32.26,8.04,166.7,0.01,-2.5
12/25/24,09:21:31PM,MiniOcean,,,75.1,-13.1,-0.92,48316,32.25,8.04,171,-0.26,-2.44
12/25/24,09:36:31PM,MiniOcean,,,75.1,-19.7,-1.38,48306,32.26,8.04,171.1,-0.27,-2.69
12/25/24,09:51:31PM,MiniOcean,,,75,-60.6,-4.25,48289,32.27,8.04,174.3,-0.38,-2.27
12/25/24,10:06:31PM,MiniOcean,,,75,-49.4,-3.47,48265,32.27,8.04,173.2,-0.34,-2.42
12/25/24,10:21:31PM,MiniOcean,,,74.9,-58.8,-4.13,48218,32.25,8.04,176.5,-0.39,-2.92
12/25/24,10:36:31PM,MiniOcean,,,74.9,-59,-4.14,48244,32.28,8.03,178.9,-0.35,-2.78
12/25/24,10:51:31PM,MiniOcean,,,74.9,-100.4,-7.05,48184,32.25,8.04,172.3,-0.3,-2.7
12/25/24,11:06:31PM,MiniOcean,,,74.8,-63.7,-4.47,48210,32.28,8.04,175.1,-0.39,-2.87
12/25/24,11:21:31PM,MiniOcean,,,74.8,-68.5,-4.81,48179,32.26,8.04,178.1,-0.4,-3
12/25/24,11:36:31PM,MiniOcean,,,74.8,-83.9,-5.89,48120,32.22,8.04,179.2,-0.39,-2.91
12/25/24,11:51:31PM,MiniOcean,,,74.8,-80.6,-5.66,48114,32.22,8.03,180,-0.4,-2.61
12/26/24,00:06:30AM,MiniOcean,,,74.8,-89,-6.25,48199,32.29,8.03,176.3,-0.21,-2.85
12/26/24,00:21:30AM,MiniOcean,,,74.8,-95,-6.67,48188,32.29,8.03,178.2,-0.35,-2.67
12/26/24,00:36:30AM,MiniOcean,,,74.8,-81,-5.69,48111,32.23,8.03,180.1,-0.41,-2.95
12/26/24,00:51:30AM,MiniOcean,,,74.8,-80,-5.62,48109,32.24,8.03,175.9,-0.26,-2.47
12/26/24,01:06:30AM,MiniOcean,,,74.8,-87.6,-6.15,48188,32.3,8.03,178.7,-0.28,-2.27
12/26/24,01:21:30AM,MiniOcean,,,74.7,-89.3,-6.27,48163,32.28,8.03,171.9,-0.37,-2.71
12/26/24,01:36:30AM,MiniOcean,,,74.7,-108.3,-7.61,48153,32.28,8.03,176.5,-0.39,-2.75
12/26/24,01:51:30AM,MiniOcean,,,74.7,-96,-6.75,48148,32.28,8.03,175.8,-0.42,-2.94
12/26/24,02:06:30AM,MiniOcean,,,74.7,-103.7,-7.29,48112,32.25,8.03,178.8,-0.4,-3
12/26/24,02:21:30AM,MiniOcean,,,74.7,-97,-6.82,48181,32.31,8.03,173.6,-0.42,-2.91
12/26/24,02:36:30AM,MiniOcean,,,74.7,-116.2,-8.17,48176,32.31,8.03,171,-0.43,-3.06
12/26/24,02:51:30AM,MiniOcean,,,74.7,-106.2,-7.47,48033,32.2,8.02,171.8,-0.4,-3.04
12/26/24,03:06:30AM,MiniOcean,,,74.7,-119.6,-8.42,48021,32.19,8.02,174.8,-0.37,-2.82
12/26/24,03:21:30AM,MiniOcean,,,74.7,-108.3,-7.62,48102,32.25,8.02,177.1,-0.35,-2.37
12/26/24,03:36:30AM,MiniOcean,,,74.7,-132.3,-9.3,48105,32.25,8.02,175.4,-0.39,-2.88
12/26/24,03:51:30AM,MiniOcean,,,74.7,-121.4,-8.53,48102,32.24,8.02,176.5,-0.4,-2.64
12/26/24,04:06:30AM,MiniOcean,,,74.7,-125.3,-8.81,48107,32.25,8.02,177.1,-0.19,-2.77
12/26/24,04:21:30AM,MiniOcean,,,74.7,-126.9,-8.92,48113,32.25,8.02,178.7,-0.4,-2.57
12/26/24,04:36:30AM,MiniOcean,,,74.7,-113.3,-7.97,48107,32.25,8.02,179.2,-0.34,-2.78
12/26/24,04:51:29AM,MiniOcean,,,74.7,-130.6,-9.19,48107,32.25,8.02,179.7,-0.33,-2.77
12/26/24,05:06:29AM,MiniOcean,,,74.6,-116.1,-8.17,48064,32.27,8.02,179.4,-0.36,-0.84
12/26/24,05:21:29AM,MiniOcean,,,74.5,-113.7,-8.01,48001,32.26,8.02,177.3,-0.35,-2.74
12/26/24,05:36:29AM,MiniOcean,,,74.5,-83.4,-5.88,47992,32.25,8.02,172.7,-0.38,-2.72
12/26/24,05:51:29AM,MiniOcean,,,74.4,-60.9,-4.29,47973,32.26,8.02,177.8,-0.39,-2.82
12/26/24,06:06:29AM,MiniOcean,,,74.4,-18.9,-1.33,47982,32.27,8.02,165.8,-0.39,-2.93
12/26/24,06:21:29AM,MiniOcean,,,74.4,8.1,0.57,47984,32.27,8.02,173.7,-0.34,-0.7
12/26/24,06:36:29AM,MiniOcean,,,74.4,40.3,2.84,47979,32.26,8.03,176,-0.36,-2.45
12/26/24,06:51:29AM,MiniOcean,,,74.4,48,3.38,47983,32.27,8.03,179.2,-0.35,-1.36
12/26/24,07:06:29AM,MiniOcean,,,74.5,71.3,5.03,47990,32.27,8.03,178.5,-0.32,-2.16
12/26/24,07:21:29AM,MiniOcean,,,74.5,90.1,6.35,47980,32.26,8.03,178.5,-0.38,-1.85
12/26/24,07:36:29AM,MiniOcean,,,74.5,87.9,6.19,47985,32.26,8.03,183,0,-1.53
12/26/24,07:51:29AM,MiniOcean,,,74.4,112.3,7.92,47983,32.27,8.04,185.8,-0.32,-1.9
12/26/24,08:06:29AM,MiniOcean,,,74.4,141.7,9.99,47992,32.28,8.03,187.2,-0.32,-2.09
12/26/24,08:21:29AM,MiniOcean,,,74.5,241.1,16.99,48008,32.28,8.04,185.6,-0.29,-1.61
12/26/24,08:36:29AM,MiniOcean,,,74.6,359.8,25.32,48067,32.26,8.05,185.6,-0.33,-2.18
12/26/24,08:51:29AM,MiniOcean,,,74.7,459,32.27,48142,32.27,8.06,150.3,-0.32,-2.4
12/26/24,09:06:29AM,MiniOcean,,,74.9,554.6,38.94,48202,32.26,8.08,168,-0.12,-2.16
12/26/24,09:21:29AM,MiniOcean,,,75.1,648,45.41,48293,32.25,8.1,168.4,-0.3,-1.89
12/26/24,09:36:28AM,MiniOcean,,,75.2,791.4,55.38,48389,32.26,8.1,171.9,-0.27,-1.14
12/26/24,09:51:28AM,MiniOcean,,,75.4,875,61.12,48485,32.25,8.11,150.6,-0.33,-2.03
12/26/24,10:06:28AM,MiniOcean,,,75.6,1008.6,70.31,48594,32.26,8.13,166.5,-0.36,-2.07
12/26/24,10:21:28AM,MiniOcean,,,75.8,1149.3,79.96,48698,32.25,8.15,166,-0.3,-1.64
12/26/24,10:36:28AM,MiniOcean,,,75.9,1258.1,87.43,48767,32.25,8.15,173.7,-0.31,-1.89
12/26/24,10:51:28AM,MiniOcean,,,76,1247.7,86.65,48817,32.26,8.17,171.3,-0.33,-1.92
12/26/24,11:06:28AM,MiniOcean,,,76.1,1261.5,87.55,48848,32.26,8.18,176.9,-0.33,-1.87
12/26/24,11:21:28AM,MiniOcean,,,76.1,1295.8,89.88,48880,32.26,8.18,179.7,0.16,-1.96
12/26/24,11:36:28AM,MiniOcean,,,76.1,1271.4,88.21,48868,32.26,8.18,180.9,-0.29,-1.18
12/26/24,11:51:28AM,MiniOcean,,,76.1,1254.8,87.04,48875,32.26,8.18,180.8,-0.38,-1.36
12/26/24,12:06:28PM,MiniOcean,,,76.2,1275.1,88.41,48907,32.27,8.18,179.6,-0.31,-1.62
12/26/24,12:21:28PM,MiniOcean,,,76.2,1345.3,93.21,48939,32.26,8.19,180.9,-0.32,-1.9
12/26/24,12:36:28PM,MiniOcean,,,76.2,1313.3,91.02,48929,32.26,8.19,182.3,-0.33,-2.19
12/26/24,12:51:28PM,MiniOcean,,,76.2,1268.7,87.95,48912,32.26,8.18,184.4,-0.33,-1.71
12/26/24,01:06:28PM,MiniOcean,,,76.2,1227.4,85.09,48908,32.26,8.18,185.7,-0.28,-1.48
12/26/24,01:21:28PM,MiniOcean,,,76.2,1243.5,86.2,48908,32.25,8.18,186.5,-0.3,-2.12
12/26/24,01:36:28PM,MiniOcean,,,76.2,1274.7,88.35,48924,32.26,8.18,185.2,-0.28,-1.68
12/26/24,01:51:28PM,MiniOcean,,,76.2,1226.5,85.01,48913,32.25,8.16,186.9,-0.28,-1.83
12/26/24,02:06:28PM,MiniOcean,,,76.2,1213.4,84.12,48902,32.25,8.18,187.9,-0.26,-1.87
12/26/24,02:21:28PM,MiniOcean,,,76.2,1173.9,81.39,48893,32.25,8.17,189.6,-0.27,-1.67
12/26/24,02:36:27PM,MiniOcean,,,76.1,1152.2,79.9,48881,32.25,8.17,190.4,-0.22,-1.78
12/26/24,02:51:27PM,MiniOcean,,,76.1,1085.1,75.29,48859,32.25,8.17,189.2,-0.23,-1.76
12/26/24,03:06:27PM,MiniOcean,,,76.1,1023.2,71.03,48827,32.25,8.16,190.3,-0.25,-1.56
12/26/24,03:21:27PM,MiniOcean,,,76,945.5,65.69,48779,32.25,8.15,191.8,-0.19,-1.84
12/26/24,03:36:27PM,MiniOcean,,,75.9,893.1,62.08,48752,32.25,8.14,192.8,-0.2,-2.04
12/26/24,03:51:27PM,MiniOcean,,,75.9,844.6,58.74,48713,32.25,8.14,194.2,-0.25,-2.28
12/26/24,04:06:27PM,MiniOcean,,,75.8,784.6,54.6,48688,32.25,8.13,195.9,-0.26,-2.31
12/26/24,04:21:27PM,MiniOcean,,,75.7,738.5,51.43,48651,32.25,8.13,197,-0.22,-2.17
12/26/24,04:36:27PM,MiniOcean,,,75.7,710.1,49.48,48614,32.25,8.12,197.6,-0.26,-2.39
12/26/24,04:51:27PM,MiniOcean,,,75.6,655.1,45.67,48585,32.25,8.11,196.4,-0.24,-2.32
12/26/24,05:06:27PM,MiniOcean,,,75.6,623.7,43.49,48575,32.25,8.1,197.9,-0.22,0.05
12/26/24,05:21:27PM,MiniOcean,,,75.6,551.4,38.43,48583,32.24,8.1,198.8,-0.27,-2.16
12/26/24,05:36:27PM,MiniOcean,,,75.6,506.7,35.31,48592,32.25,8.1,199.8,-0.29,-2.34
12/26/24,05:51:27PM,MiniOcean,,,75.6,465.9,32.48,48590,32.25,8.09,200,-0.27,-2.18
12/26/24,06:06:27PM,MiniOcean,,,75.6,425.6,29.68,48575,32.25,8.09,199.8,-0.33,-2.32
12/26/24,06:21:27PM,MiniOcean,,,75.6,393.6,27.45,48561,32.25,8.08,198.6,-0.35,-2.23
12/26/24,06:36:27PM,MiniOcean,,,75.5,333.6,23.27,48535,32.24,8.08,198.4,-0.32,-2.63
12/26/24,06:51:27PM,MiniOcean,,,75.5,265.9,18.57,48487,32.24,8.07,196.9,0.12,-2.31
12/26/24,07:06:27PM,MiniOcean,,,75.4,177.7,12.41,48465,32.24,8.06,194.9,-0.07,-0.94
12/26/24,07:21:27PM,MiniOcean,,,75.4,131.2,9.16,48458,32.24,8.06,195.9,-0.23,-2.1
12/26/24,07:36:26PM,MiniOcean,,,75.4,118.7,8.29,48441,32.24,8.05,195.8,-0.31,-0.58
12/26/24,07:51:26PM,MiniOcean,,,75.3,71.7,5.01,48432,32.25,8.05,193.6,-0.26,-2.57
12/26/24,08:06:26PM,MiniOcean,,,75.3,21.2,1.48,48402,32.24,8.05,193.4,-0.35,-2.15
12/26/24,08:21:26PM,MiniOcean,,,75.3,13.7,0.96,48378,32.24,8.04,190.8,-0.38,-2.87
12/26/24,08:36:26PM,MiniOcean,,,75.2,-14.4,-1.01,48366,32.24,8.04,182.4,-0.35,-2.85
12/26/24,08:51:26PM,MiniOcean,,,75.2,-13.7,-0.96,48344,32.24,8.04,186.7,-0.28,-2.79
12/26/24,09:06:26PM,MiniOcean,,,75.1,-41.4,-2.9,48309,32.24,8.04,189.7,-0.38,-3.1
12/26/24,09:21:26PM,MiniOcean,,,75.1,-124.9,-8.75,48298,32.24,8.03,190.4,-0.18,-1.78
12/26/24,09:36:26PM,MiniOcean,,,75,-64.6,-4.53,48259,32.24,8.03,191,-0.37,-2.57
12/26/24,09:51:26PM,MiniOcean,,,75,-133.7,-9.38,48245,32.24,8.02,190.9,-0.41,-2.84
12/26/24,10:06:26PM,MiniOcean,,,75,-84.4,-5.92,48226,32.24,8.03,183.3,-0.39,-2.99
12/26/24,10:21:26PM,MiniOcean,,,74.9,-85.5,-6,48207,32.24,8.03,186.3,-0.35,-2.32
12/26/24,10:36:26PM,MiniOcean,,,74.9,-76,-5.34,48187,32.24,8.03,186.9,-0.3,-2.76
12/26/24,10:51:26PM,MiniOcean,,,74.8,-67.2,-4.72,48167,32.24,8.03,186.6,-0.1,-2.92
12/26/24,11:06:26PM,MiniOcean,,,74.8,-140.7,-9.88,48159,32.24,8.03,186.8,-0.39,-2.88
12/26/24,11:21:26PM,MiniOcean,,,74.8,-101.8,-7.16,48122,32.24,8.03,187.4,-0.3,-1.19
12/26/24,11:36:26PM,MiniOcean,,,74.8,-82.9,-5.83,48127,32.24,8.03,183.3,-0.43,-3.2
12/26/24,11:51:26PM,MiniOcean,,,74.7,-109.7,-7.71,48115,32.25,8.03,186.7,-0.41,-2.59
12/27/24,00:06:26AM,MiniOcean,,,74.7,-101.3,-7.12,48099,32.25,8.02,183.5,-0.35,-3.11
12/27/24,00:21:25AM,MiniOcean,,,74.7,-92.3,-6.49,48092,32.24,8.02,184.3,-0.42,-2.64
12/27/24,00:36:25AM,MiniOcean,,,74.7,-108.2,-7.61,48078,32.25,8.02,184,-0.35,-2.83
12/27/24,00:51:25AM,MiniOcean,,,74.7,-115.5,-8.12,48076,32.25,8.02,184.3,-0.36,-2.81
12/27/24,01:06:25AM,MiniOcean,,,74.7,-109.6,-7.71,48074,32.25,8.02,184.1,-0.42,-3.11
12/27/24,01:21:25AM,MiniOcean,,,74.7,-99.8,-7.02,48075,32.24,8.02,183.2,-0.4,-2.75
12/27/24,01:36:25AM,MiniOcean,,,74.7,-139.2,-9.79,48105,32.25,8.02,180.3,-0.39,-1.88
12/27/24,01:51:25AM,MiniOcean,,,74.8,-102,-7.17,48141,32.24,8.02,182.4,-0.4,-2.96
12/27/24,02:06:25AM,MiniOcean,,,74.8,-120.4,-8.46,48164,32.24,8.02,183,-0.41,-2.94
12/27/24,02:21:25AM,MiniOcean,,,74.9,-116.5,-8.18,48196,32.25,8.02,183.5,-0.44,-1.79
12/27/24,02:36:25AM,MiniOcean,,,74.9,-124.2,-8.71,48222,32.25,8.02,184.8,-0.36,-2.15
12/27/24,02:51:25AM,MiniOcean,,,75,-129,-9.05,48234,32.25,8.01,183.6,-0.38,-3.05
12/27/24,03:06:25AM,MiniOcean,,,75,-101.4,-7.11,48258,32.25,8.02,182.1,-0.19,-1.93
12/27/24,03:21:25AM,MiniOcean,,,75,-99.1,-6.95,48264,32.25,8.02,184.2,-0.41,-3.16
12/27/24,03:36:25AM,MiniOcean,,,75,-131.3,-9.2,48275,32.24,8.01,172.7,-0.33,-2.97
12/27/24,03:51:25AM,MiniOcean,,,75.1,-110.5,-7.75,48297,32.25,8.01,177.1,-0.29,-2.69
12/27/24,04:06:25AM,MiniOcean,,,75.1,-126.4,-8.86,48302,32.25,8.01,177.4,-0.4,-3.04
12/27/24,04:21:25AM,MiniOcean,,,75.1,-113.5,-7.95,48307,32.24,8.01,174.9,-0.39,-2.7
12/27/24,04:36:25AM,MiniOcean,,,75.1,-141,-9.87,48316,32.25,8.01,167.9,-0.37,-3.07
12/27/24,04:51:25AM,MiniOcean,,,75.1,-127,-8.89,48314,32.24,8.01,165.9,-0.38,-2.84
12/27/24,05:06:24AM,MiniOcean,,,75,-159.1,-11.16,48266,32.25,8.01,164.7,-0.38,-2.86
12/27/24,05:21:24AM,MiniOcean,,,74.9,-146.8,-10.31,48190,32.25,8.01,156.6,-0.21,-2.78
12/27/24,05:36:24AM,MiniOcean,,,74.8,-141.5,-9.94,48131,32.25,8.01,159.1,-0.33,-2.69
12/27/24,05:51:24AM,MiniOcean,,,74.7,-150.6,-10.6,48097,32.26,8.01,166.6,-0.24,-2.11
12/27/24,06:06:24AM,MiniOcean,,,74.6,-133.2,-9.37,48074,32.26,8.01,153.8,-0.33,-2.85
12/27/24,06:21:24AM,MiniOcean,,,74.7,-107.3,-7.54,48082,32.24,8.01,162.7,-0.32,-2.5
12/27/24,06:36:24AM,MiniOcean,,,74.7,-62.2,-4.37,48102,32.24,8.01,167.6,-0.31,-2.75
12/27/24,06:51:24AM,MiniOcean,,,74.7,-26.1,-1.84,48099,32.26,8.02,167.5,-0.16,-1.54
12/27/24,07:06:24AM,MiniOcean,,,74.7,9.6,0.68,48085,32.25,8.02,173.4,-0.32,-2.6
12/27/24,07:21:24AM,MiniOcean,,,74.7,21.6,1.52,48109,32.26,8.02,176,-0.27,-2.53
12/27/24,07:36:24AM,MiniOcean,,,74.7,44.1,3.1,48112,32.25,8.02,179.3,-0.34,-2.72
12/27/24,07:51:24AM,MiniOcean,,,74.7,75.1,5.28,48010,32.18,8.02,177.3,-0.32,-2.64
12/27/24,08:06:24AM,MiniOcean,,,74.8,111.9,7.87,48097,32.22,8.03,180,-0.32,-2.67
12/27/24,08:21:24AM,MiniOcean,,,74.7,150.3,10.57,47976,32.16,8.03,181.4,-0.35,-2.52
12/27/24,08:36:24AM,MiniOcean,,,74.8,200.4,14.09,47995,32.15,8.04,182.6,-0.25,-1.65
12/27/24,08:51:24AM,MiniOcean,,,74.7,237.1,16.67,48091,32.24,8.04,182.9,-0.33,-2.32
12/27/24,09:06:24AM,MiniOcean,,,74.8,290.2,20.4,48094,32.22,8.05,185,-0.35,-2.56
12/27/24,09:21:24AM,MiniOcean,,,74.8,339,23.82,48062,32.16,8.05,187.1,-0.35,-2.59
12/27/24,09:36:24AM,MiniOcean,,,74.9,410.3,28.82,48182,32.25,8.06,188.5,-0.32,-2.58
12/27/24,09:51:24AM,MiniOcean,,,74.8,474.8,33.34,48208,32.28,8.07,189.6,-0.26,-2.05
12/27/24,10:06:23AM,MiniOcean,,,75,581.9,40.81,48257,32.26,8.08,189.6,-0.35,-2.61
12/27/24,10:21:23AM,MiniOcean,,,75.2,773.9,54.18,48365,32.26,8.1,181.2,-0.27,-2.84
12/27/24,10:36:23AM,MiniOcean,,,75.4,951.8,66.48,48492,32.26,8.12,184.5,-0.34,-2.46
12/27/24,10:51:23AM,MiniOcean,,,75.6,1117.6,77.87,48648,32.28,8.15,184.7,-0.36,-2.79
12/27/24,11:06:23AM,MiniOcean,,,75.9,1288.3,89.52,48779,32.26,8.16,186.7,-0.37,-2.82
12/27/24,11:21:23AM,MiniOcean,,,76.2,1404.2,97.34,48916,32.26,8.18,186.3,-0.35,-2.89
12/27/24,11:36:23AM,MiniOcean,,,76.4,1521.8,105.35,48883,32.16,8.19,185.2,-0.37,-3.01
12/27/24,11:51:23AM,MiniOcean,,,76.5,1619.5,111.95,49070,32.26,8.21,181.8,-0.1,-1.64
12/27/24,12:42:05PM,MiniOcean,,,76.5,1699.1,117.46,49065,32.26,8.23,73.9,3.01,10.64
12/27/24,12:57:05PM,MiniOcean,,,76.7,1698.8,117.24,49178,32.27,8.24,148.8,-0.17,-1.43
12/27/24,01:12:05PM,MiniOcean,,,76.6,1669.9,115.26,49176,32.27,8.24,164.3,-0.09,-1.54
12/27/24,01:27:05PM,MiniOcean,,,76.6,1658.5,114.49,49167,32.28,8.24,172,-0.1,-1.09
12/27/24,01:42:05PM,MiniOcean,,,76.6,1616.2,111.58,49154,32.27,8.23,176.8,-0.1,-1.19
12/27/24,01:57:05PM,MiniOcean,,,76.6,1586,109.53,49141,32.27,8.23,180.2,-0.08,-1.25
12/27/24,02:12:05PM,MiniOcean,,,76.5,1546.3,106.83,49122,32.28,8.22,181.7,-0.13,-0.65
12/27/24,02:27:04PM,MiniOcean,,,76.5,1497.5,103.54,49069,32.27,8.21,183.5,0.05,-0.55
12/27/24,02:42:04PM,MiniOcean,,,76.4,1446.6,100.06,49045,32.27,8.21,185.8,-0.11,-0.74
12/27/24,02:57:04PM,MiniOcean,,,76.3,1373.8,95.09,49002,32.27,8.21,187.8,-0.01,-0.34
12/27/24,03:12:04PM,MiniOcean,,,76.3,1303.5,90.26,48975,32.25,8.2,190.1,-0.08,-1.11
12/27/24,03:27:04PM,MiniOcean,,,76.2,1201,83.22,48934,32.26,8.19,192,0.36,0.24
12/27/24,03:42:04PM,MiniOcean,,,76.2,1087.1,75.38,48899,32.26,8.17,193.8,-0.16,-0.87
12/27/24,03:57:04PM,MiniOcean,,,76.1,986.2,68.42,48870,32.26,8.16,194.4,-0.18,-1.2
12/27/24,04:12:04PM,MiniOcean,,,76.1,913.7,63.41,48846,32.26,8.15,183.4,-0.12,-0.99
12/27/24,04:27:04PM,MiniOcean,,,76,830.3,57.66,48823,32.26,8.14,190.9,-0.13,-0.93
12/27/24,04:42:04PM,MiniOcean,,,76,749.1,52.03,48819,32.27,8.13,193.1,-0.15,-1.15
12/27/24,04:57:04PM,MiniOcean,,,76,710.1,49.33,48806,32.27,8.12,190.7,-0.16,-0.87
12/27/24,05:12:04PM,MiniOcean,,,76,637.4,44.27,48811,32.27,8.11,195.3,-0.14,-1.07
12/27/24,05:27:04PM,MiniOcean,,,76,592.3,41.13,48819,32.26,8.09,194.2,-0.02,-0.77
12/27/24,05:42:04PM,MiniOcean,,,76,530.3,36.82,48822,32.27,8.09,179.8,-0.19,-0.24
12/27/24,05:57:04PM,MiniOcean,,,76,502.8,34.92,48825,32.27,8.09,188.6,-0.19,-0.77
12/27/24,06:12:04PM,MiniOcean,,,76,461.1,32.04,48758,32.23,8.08,192.9,-0.14,-0.63
12/27/24,06:27:04PM,MiniOcean,,,76,427.8,29.72,48800,32.27,8.08,194.5,-0.15,-0.54
12/27/24,06:42:04PM,MiniOcean,,,75.9,364.9,25.37,48764,32.27,8.07,195,-0.09,-0.41
12/27/24,06:57:04PM,MiniOcean,,,75.8,295,20.52,48734,32.27,8.06,196.4,-0.16,-0.92
12/27/24,07:12:04PM,MiniOcean,,,75.8,-519.9,-36.17,48730,32.27,8.03,190.5,0.01,3.94
12/27/24,07:27:03PM,MiniOcean,,,75.8,32.6,2.27,48703,32.27,8.04,159.1,-0.16,-1.02
12/27/24,07:42:03PM,MiniOcean,,,75.8,-559.1,-38.91,48711,32.28,8.01,162.9,-0.12,0.96
12/27/24,07:57:03PM,MiniOcean,,,75.7,31.1,2.16,48676,32.27,8.04,176,-0.23,-0.86
12/27/24,08:12:03PM,MiniOcean,,,75.7,-320.9,-22.35,48680,32.28,8.02,165.9,-0.24,-0.4
12/27/24,08:27:03PM,MiniOcean,,,75.7,-834.6,-58.12,48656,32.26,7.92,132.4,-0.07,-0.64
12/27/24,08:42:03PM,MiniOcean,,,75.7,-255.7,-17.81,48667,32.29,8,152.1,-0.21,-0.97
12/27/24,08:57:03PM,MiniOcean,,,75.7,-1057.6,-73.66,48659,32.27,7.99,151.2,0.08,-1.15
12/27/24,09:12:03PM,MiniOcean,,,75.7,-393,-27.38,48642,32.27,7.99,154.7,-0.2,-0.78
12/27/24,09:27:03PM,MiniOcean,,,75.6,-512,-35.69,48624,32.28,7.99,158.7,-0.04,-0.13
12/27/24,09:42:03PM,MiniOcean,,,75.6,-162.3,-11.32,48601,32.27,8.02,173.3,-0.2,-1
12/27/24,09:57:03PM,MiniOcean,,,75.6,-321.7,-22.43,48593,32.27,8,152.9,-0.23,-1.54
12/27/24,10:12:03PM,MiniOcean,,,75.6,-545.7,-38.05,48588,32.27,8,170.3,-0.27,-1.9
12/27/24,10:27:03PM,MiniOcean,,,75.6,-493.8,-34.44,48597,32.28,8,169,-0.26,-1.95
12/27/24,10:42:03PM,MiniOcean,,,75.5,-223.5,-15.6,48560,32.28,8.01,168.2,-0.23,-1.48
12/27/24,10:57:03PM,MiniOcean,,,75.5,-350.5,-24.46,48559,32.27,7.99,167.7,-0.26,-1.39
12/27/24,11:12:03PM,MiniOcean,,,75.5,-349.1,-24.36,48548,32.26,8.02,179.4,-0.21,-1.68
12/27/24,11:27:03PM,MiniOcean,,,75.5,-383.8,-26.8,48428,32.19,8,164.8,0.13,-0.51
12/27/24,11:42:03PM,MiniOcean,,,75.4,-121.8,-8.51,48524,32.27,8.01,170.7,-0.28,-1.57
12/27/24,11:57:03PM,MiniOcean,,,75.4,-344.3,-24.04,48508,32.26,8,173,-0.1,-1.72
12/28/24,00:12:03AM,MiniOcean,,,75.4,-148.2,-10.35,48495,32.26,8.01,177.9,-0.28,0.29
12/28/24,00:27:02AM,MiniOcean,,,75.4,-283.3,-19.78,48609,32.35,7.98,176.4,-0.26,-1.87
12/28/24,00:42:02AM,MiniOcean,,,75.4,-202.3,-14.14,48416,32.21,7.99,176.8,-0.1,-1.9
12/28/24,00:57:02AM,MiniOcean,,,75.4,-186.4,-13.02,48432,32.23,7.98,158,-0.18,-1.7
12/28/24,01:12:02AM,MiniOcean,,,75.4,-216.8,-15.15,48416,32.22,7.97,139.5,-0.24,-1.13
12/28/24,01:27:02AM,MiniOcean,,,75.4,-132.4,-9.26,48404,32.21,8,168.5,-0.29,-1.88
12/28/24,01:42:02AM,MiniOcean,,,75.3,-183.5,-12.83,48489,32.28,8,177.1,-0.16,-1.7
12/28/24,01:57:02AM,MiniOcean,,,75.4,-134.5,-9.4,48474,32.27,7.96,135.4,-0.21,-1.87
12/28/24,02:12:02AM,MiniOcean,,,75.3,-115.8,-8.1,48473,32.27,7.99,166.4,-0.25,-1.68
12/28/24,02:27:02AM,MiniOcean,,,75.3,-189.8,-13.27,48478,32.28,7.99,177.3,-0.12,-1.57
12/28/24,02:42:02AM,MiniOcean,,,75.3,-137.4,-9.6,48454,32.27,7.98,162.8,-0.16,-1.25
12/28/24,02:57:02AM,MiniOcean,,,75.3,-152,-10.63,48442,32.27,7.98,169,-0.28,-2.25
12/28/24,03:12:02AM,MiniOcean,,,75.3,-136.4,-9.54,48453,32.27,7.98,166,0.11,-1.73
12/28/24,03:27:02AM,MiniOcean,,,75.3,-181.5,-12.69,48451,32.28,8,172.5,-0.26,-2.18
12/28/24,03:42:02AM,MiniOcean,,,75.3,-194.3,-13.59,48457,32.29,7.99,179.7,-0.3,-2.25
12/28/24,03:57:02AM,MiniOcean,,,75.3,-144.8,-10.13,48438,32.27,8,174.9,-0.14,-2.26
12/28/24,04:12:02AM,MiniOcean,,,75.3,-183.2,-12.81,48433,32.28,8,176.6,-0.33,-2.2
12/28/24,04:27:02AM,MiniOcean,,,75.2,-165.5,-11.58,48416,32.27,8,176.4,-0.23,-0.78
12/28/24,04:42:02AM,MiniOcean,,,75.2,-162.1,-11.34,48422,32.28,7.96,163.4,-0.07,-1.66
12/28/24,04:57:02AM,MiniOcean,,,75.2,-163.4,-11.43,48428,32.28,7.99,167.7,-0.31,-2.43
12/28/24,05:12:01AM,MiniOcean,,,75.1,-610.1,-42.72,48367,32.29,7.99,168.5,-0.29,-2.33
12/28/24,05:27:01AM,MiniOcean,,,74.9,-160.3,-11.24,48280,32.29,8,166.2,-0.32,-2.38
12/28/24,05:42:01AM,MiniOcean,,,74.9,-148.5,-10.43,48165,32.23,8,158.6,-0.2,-1.84
12/28/24,05:57:01AM,MiniOcean,,,74.8,-150.1,-10.54,48201,32.27,8,176.2,-0.26,-2.04
12/28/24,06:12:01AM,MiniOcean,,,74.8,-129.8,-9.12,48182,32.27,8,179.6,-0.24,-2.23
12/28/24,06:27:01AM,MiniOcean,,,74.7,-88.2,-6.2,48170,32.3,8,185.1,-0.23,-2.02
12/28/24,06:42:01AM,MiniOcean,,,74.8,-44,-3.09,48180,32.27,8.01,188.2,-0.27,-2.05
12/28/24,06:57:01AM,MiniOcean,,,74.8,-31.3,-2.2,48187,32.28,8,191.4,-0.23,-0.97
12/28/24,07:12:01AM,MiniOcean,,,74.8,19.6,1.38,48185,32.28,8.01,194.2,-0.19,-1.56
12/28/24,07:27:01AM,MiniOcean,,,74.8,41.9,2.94,48195,32.27,8.01,195.9,-0.19,-1.43
12/28/24,07:42:01AM,MiniOcean,,,74.8,73.1,5.13,48198,32.28,8.02,197.3,-0.01,0.14
12/28/24,07:57:01AM,MiniOcean,,,74.8,103.3,7.26,48200,32.28,8.02,197.3,0.18,-0.39
12/28/24,08:12:01AM,MiniOcean,,,74.9,162.7,11.42,48228,32.29,8.02,199,0.23,1.71
12/28/24,08:27:01AM,MiniOcean,,,75,265.6,18.63,48281,32.28,8.03,199.6,-0.07,-0.91
12/28/24,08:42:01AM,MiniOcean,,,75.1,407.8,28.57,48331,32.26,8.04,201.7,-0.22,-1.38
12/28/24,08:57:01AM,MiniOcean,,,75.2,547.2,38.29,48397,32.26,8.06,202.4,-0.2,-1.11
12/28/24,09:12:01AM,MiniOcean,,,75.3,671.9,46.98,48446,32.27,8.08,201.5,0.07,0.01
12/28/24,09:27:01AM,MiniOcean,,,75.4,725.4,50.66,48513,32.27,8.09,201.5,-0.2,-0.92
12/28/24,09:42:01AM,MiniOcean,,,75.6,841.4,58.68,48582,32.26,8.09,200.5,-0.23,-0.48
12/28/24,09:57:00AM,MiniOcean,,,75.7,897.9,62.52,48656,32.25,8.11,200.8,-0.15,-0.44
12/28/24,10:12:00AM,MiniOcean,,,75.9,1073.8,74.67,48736,32.26,8.13,201.2,-0.19,-0.15
12/28/24,10:27:00AM,MiniOcean,,,76,1171.4,81.33,48829,32.26,8.15,201.3,-0.24,-0.33
12/28/24,10:42:00AM,MiniOcean,,,76.2,1310.8,90.85,48917,32.26,8.16,200.5,-0.24,-0.34
12/28/24,10:57:00AM,MiniOcean,,,76.4,1426.3,98.69,49016,32.26,8.18,199.9,-0.14,-0.15
12/28/24,11:12:00AM,MiniOcean,,,76.5,1514.9,104.75,49064,32.27,8.19,200.2,-0.28,-0.76
12/28/24,11:27:00AM,MiniOcean,,,76.4,1539.3,106.45,49070,32.28,8.2,198,-0.21,-0.26
12/28/24,11:42:00AM,MiniOcean,,,76.4,1565.5,108.26,49070,32.28,8.21,198.7,-0.21,-0.03
12/28/24,11:57:00AM,MiniOcean,,,76.4,1593.3,110.21,49063,32.28,8.22,199.5,-0.25,-0.81
12/28/24,12:12:00PM,MiniOcean,,,76.4,1570,108.62,49048,32.28,8.22,199.3,-0.21,-0.99
12/28/24,12:27:00PM,MiniOcean,,,76.4,1601.7,110.83,49047,32.29,8.23,201.1,0.09,-1.34
12/28/24,12:42:00PM,MiniOcean,,,76.3,1591.3,110.2,48995,32.29,8.23,202.3,-0.21,-1.03
12/28/24,12:57:00PM,MiniOcean,,,76.3,1613.1,111.74,48984,32.29,8.24,203.1,-0.23,-1.21
12/28/24,01:12:00PM,MiniOcean,,,76.2,1593.2,110.43,48951,32.29,8.24,202.1,-0.22,-1.12
12/28/24,01:27:00PM,MiniOcean,,,76.1,1714.7,118.92,48920,32.29,8.24,203.2,-0.23,-1.23
12/28/24,01:42:00PM,MiniOcean,,,76.1,1545.8,107.27,48894,32.3,8.24,205,-0.18,-1.44
12/28/24,01:57:00PM,MiniOcean,,,76,1490.8,103.49,48864,32.29,8.23,206.1,-0.33,-1.43
12/28/24,02:12:00PM,MiniOcean,,,76,1487.1,103.3,48843,32.3,8.23,207.1,-0.29,-1.54
12/28/24,02:27:00PM,MiniOcean,,,75.9,1390.6,96.66,48800,32.3,8.22,208.9,-0.28,-1.1
12/28/24,02:42:00PM,MiniOcean,,,75.8,1329,92.43,48767,32.29,8.22,210.2,-0.03,-0.96
12/28/24,02:56:59PM,MiniOcean,,,75.8,1234.1,85.89,48717,32.29,8.2,209.5,-0.28,-1.06
12/28/24,03:11:59PM,MiniOcean,,,75.6,1135.7,79.13,48652,32.29,8.19,210.6,-0.27,-0.28
12/28/24,03:26:59PM,MiniOcean,,,75.6,1036,72.24,48618,32.29,8.18,211.9,-0.11,-1.36
12/28/24,03:41:59PM,MiniOcean,,,75.5,952.6,66.44,48598,32.29,8.17,213,-0.27,-1.51
12/28/24,03:56:59PM,MiniOcean,,,75.5,894.1,62.38,48578,32.29,8.16,213.6,-0.29,-2.06
12/28/24,04:11:59PM,MiniOcean,,,75.5,821.4,57.3,48591,32.29,8.14,214,-0.22,-1.97
12/28/24,04:26:59PM,MiniOcean,,,75.6,753.1,52.52,48596,32.28,8.14,214,-0.21,-2.23
12/28/24,04:41:59PM,MiniOcean,,,75.6,728.5,50.78,48619,32.28,8.13,214.4,-0.2,-2.03
12/28/24,04:56:59PM,MiniOcean,,,75.6,655.4,45.67,48644,32.28,8.12,214.4,-0.23,-1.65
12/28/24,05:11:59PM,MiniOcean,,,75.8,626.9,43.64,48688,32.27,8.11,205.1,-0.31,-1.64
12/28/24,05:26:59PM,MiniOcean,,,75.9,566.1,39.36,48754,32.27,8.1,210,-0.3,-1.37
12/28/24,05:41:59PM,MiniOcean,,,76,530.4,36.84,48807,32.26,8.09,209,-0.29,-1.36
12/28/24,05:56:59PM,MiniOcean,,,76,489,33.94,48839,32.26,8.09,209.3,-0.32,-1.14
12/28/24,06:11:59PM,MiniOcean,,,76.1,448.1,31.09,48865,32.26,8.08,206.6,0.39,-0.88
12/28/24,06:26:59PM,MiniOcean,,,76.1,352.5,24.47,48857,32.27,8.07,205.6,-0.29,-1.04
12/28/24,06:41:59PM,MiniOcean,,,76.1,214.4,14.88,48838,32.26,8.06,205.9,-0.16,-1.98
12/28/24,06:56:59PM,MiniOcean,,,76,200.2,13.9,48819,32.25,8.06,205.8,-0.3,0.03
12/28/24,07:11:59PM,MiniOcean,,,76,166.5,11.56,48810,32.26,8.03,204.9,-0.22,-0.51
12/28/24,07:26:59PM,MiniOcean,,,76,62.7,4.36,48808,32.28,8.03,204.1,-0.31,-1.54
12/28/24,07:41:59PM,MiniOcean,,,75.9,25.6,1.78,48783,32.27,8.03,202.8,-0.13,-1.79
12/28/24,07:56:58PM,MiniOcean,,,75.9,25.6,1.78,48722,32.24,8.03,193.8,-0.1,-1.54
12/28/24,08:11:58PM,MiniOcean,,,75.8,-2.2,-0.15,48731,32.26,8.01,199.9,-0.19,-1.58
12/28/24,08:26:58PM,MiniOcean,,,75.8,-10.8,-0.75,48736,32.28,8.02,201.6,-0.2,-1.74
12/28/24,08:41:58PM,MiniOcean,,,75.8,-15.8,-1.1,48703,32.27,8.02,201.5,-0.12,-1.19
12/28/24,08:56:58PM,MiniOcean,,,75.8,-53.2,-3.7,48700,32.27,8.01,199.5,-0.24,-0.76
12/28/24,09:11:58PM,MiniOcean,,,75.7,-88.5,-6.16,48693,32.28,8.01,190.7,-0.2,3.12
12/28/24,09:26:58PM,MiniOcean,,,75.7,-75,-5.22,48683,32.28,8,193.8,-0.26,-1.5
12/28/24,09:41:58PM,MiniOcean,,,75.7,-114,-7.94,48682,32.28,7.95,160.5,-0.15,-2.1
12/28/24,09:56:58PM,MiniOcean,,,75.7,-158.2,-11.03,48361,32.05,7.99,174.1,-0.21,-1.5
12/28/24,10:11:58PM,MiniOcean,,,75.7,-75.5,-5.26,48662,32.28,7.93,177.9,-0.15,-1.68
12/28/24,10:26:58PM,MiniOcean,,,75.7,-75.9,-5.29,48662,32.28,7.99,179.1,-0.32,-2.24
12/28/24,10:41:58PM,MiniOcean,,,75.7,-83.1,-5.79,48648,32.28,7.94,183,-0.22,-2.16
12/28/24,10:56:58PM,MiniOcean,,,75.7,-73.8,-5.14,48635,32.27,7.95,186.7,0.01,-1.81
12/28/24,11:11:58PM,MiniOcean,,,75.6,-128.2,-8.93,48679,32.31,7.98,182.3,-0.15,-1.53
12/28/24,11:26:58PM,MiniOcean,,,75.6,-104.3,-7.27,48616,32.27,7.96,185.1,-0.05,-2.1
12/28/24,11:41:58PM,MiniOcean,,,75.6,-128.9,-8.99,48607,32.27,8.01,183.6,-0.27,-2.35
12/28/24,11:56:58PM,MiniOcean,,,75.6,-254.9,-17.78,48591,32.27,8.01,187.5,-0.25,-2.27
12/29/24,00:11:58AM,MiniOcean,,,75.6,-125.9,-8.78,48591,32.27,7.99,188.4,-0.29,-2.42
12/29/24,00:26:58AM,MiniOcean,,,75.6,-195.7,-13.65,48590,32.28,7.99,189.7,-0.22,-2.14
12/29/24,00:41:58AM,MiniOcean,,,75.5,-164.1,-11.45,48580,32.27,7.96,179.5,-0.18,-0.73
12/29/24,00:56:57AM,MiniOcean,,,75.5,-140,-9.77,48574,32.27,8,187.8,-0.3,-1.83
12/29/24,01:11:57AM,MiniOcean,,,75.5,-138.4,-9.65,48566,32.27,7.99,185.5,-0.23,-1.37
12/29/24,01:26:57AM,MiniOcean,,,75.5,-133.9,-9.35,48555,32.27,7.99,194.5,-0.21,-2.19
12/29/24,01:41:57AM,MiniOcean,,,75.5,-137.3,-9.58,48555,32.27,7.99,191.1,-0.22,-2.15
12/29/24,01:56:57AM,MiniOcean,,,75.5,-145.2,-10.13,48550,32.27,7.99,196.1,-0.26,-1.73
12/29/24,02:11:57AM,MiniOcean,,,75.5,-123.5,-8.62,48550,32.28,7.99,189.5,-0.32,-2.27
12/29/24,02:26:57AM,MiniOcean,,,75.5,-144.2,-10.07,48539,32.27,7.98,192,-0.07,-2.48
12/29/24,02:41:57AM,MiniOcean,,,75.5,-120.6,-8.42,48432,32.19,7.99,197.3,-0.25,-2.19
12/29/24,02:56:57AM,MiniOcean,,,75.5,-124.6,-8.7,48530,32.27,8,197.8,-0.09,-1.89
12/29/24,03:11:57AM,MiniOcean,,,75.5,-182.8,-12.76,48489,32.23,7.99,195.7,-0.22,-2.4
12/29/24,03:26:57AM,MiniOcean,,,75.5,-139.9,-9.76,48509,32.25,8,191,-0.16,-2.14
12/29/24,03:41:57AM,MiniOcean,,,75.5,-110.9,-7.75,48278,32.08,7.99,184.1,-0.28,-1.89
12/29/24,03:56:57AM,MiniOcean,,,75.4,-208.6,-14.58,48289,32.09,7.98,191.7,0.09,-2.12
12/29/24,04:11:57AM,MiniOcean,,,75.4,-197.6,-13.81,48300,32.1,7.98,193.7,-0.2,-0.05
12/29/24,04:26:57AM,MiniOcean,,,75.4,-159.8,-11.17,48351,32.15,7.99,195,-0.21,-1.41
12/29/24,04:41:57AM,MiniOcean,,,75.4,-168,-11.74,48258,32.08,7.98,195.7,-0.18,-1.54
12/29/24,04:56:57AM,MiniOcean,,,75.4,-175.8,-12.29,48258,32.08,7.98,189.4,-0.24,-2.35
12/29/24,05:11:57AM,MiniOcean,,,75.3,-287.5,-20.12,48222,32.11,7.97,184.9,-0.23,-2.21
12/29/24,05:26:57AM,MiniOcean,,,75.1,-139.4,-9.78,48137,32.12,7.98,192.4,-0.14,-1.69
12/29/24,05:41:56AM,MiniOcean,,,75,-188,-13.19,48075,32.12,7.97,194.3,-0.15,-0.35
12/29/24,05:56:56AM,MiniOcean,,,74.9,-125.6,-8.82,47974,32.09,7.97,195.5,-0.11,-1.62
12/29/24,06:11:56AM,MiniOcean,,,74.8,-60.7,-4.26,47943,32.08,7.99,196.5,-0.2,-1.96
12/29/24,06:26:56AM,MiniOcean,,,74.8,-20.6,-1.45,47944,32.1,8,199.6,-0.23,-2.19
12/29/24,06:41:56AM,MiniOcean,,,74.8,23,1.62,47938,32.1,8.01,201.8,1.51,4.81
12/29/24,06:56:56AM,MiniOcean,,,74.8,56.7,3.99,47930,32.1,7.99,204.1,-0.08,-1.38
12/29/24,07:11:56AM,MiniOcean,,,74.7,76.5,5.38,47916,32.1,7.99,206.5,-0.07,-1.36
12/29/24,07:26:56AM,MiniOcean,,,74.7,99.4,7,47908,32.1,8.01,208.9,-0.11,-1.26
12/29/24,07:41:56AM,MiniOcean,,,74.7,111.1,7.82,47912,32.1,8.01,209.8,0.09,-0.76
12/29/24,07:56:56AM,MiniOcean,,,74.7,135.9,9.57,47898,32.09,8.02,210.8,0.06,-0.79
12/29/24,08:11:56AM,MiniOcean,,,74.8,186.5,13.12,47915,32.09,8.02,211.4,0.16,-1.01
12/29/24,08:26:56AM,MiniOcean,,,74.8,264.3,18.59,47936,32.09,8.03,212.5,-0.09,-0.22
12/29/24,08:41:56AM,MiniOcean,,,74.9,388.5,27.3,47972,32.08,8.02,213.8,-0.11,-0.82
12/29/24,08:56:56AM,MiniOcean,,,75,493.7,34.66,48029,32.08,8,215.1,0.1,-0.16
12/29/24,09:11:56AM,MiniOcean,,,75.1,644.3,45.17,48157,32.13,8.02,215.9,0.13,-0.18
12/29/24,09:26:56AM,MiniOcean,,,75.3,739.9,51.73,48438,32.27,7.96,215.5,-0.16,-1.39
12/29/24,09:41:56AM,MiniOcean,,,75.4,824.7,57.58,48522,32.27,8.02,213.6,0.02,-0.84
12/29/24,09:56:56AM,MiniOcean,,,75.6,939.1,65.45,48610,32.26,8.07,211.9,-0.09,-0.63
12/29/24,10:11:56AM,MiniOcean,,,75.7,1013.2,70.57,48589,32.2,8.1,212.2,-0.15,-0.9
12/29/24,10:26:56AM,MiniOcean,,,75.9,1161.6,80.76,48752,32.27,8.11,209.8,-0.08,-0.13
12/29/24,10:41:55AM,MiniOcean,,,75.9,1264,87.83,48801,32.28,8.15,209.3,-0.17,-0.55
12/29/24,10:56:55AM,MiniOcean,,,76,1377.6,95.65,48851,32.29,8.17,209.8,-0.1,0.3
12/29/24,11:11:55AM,MiniOcean,,,76.1,1424.2,98.83,48872,32.28,8.19,209.6,-0.13,0.11
12/29/24,11:26:55AM,MiniOcean,,,76.1,1564.2,108.48,48918,32.29,8.19,208.6,-0.2,-0.79
12/29/24,11:41:55AM,MiniOcean,,,76.2,1561,108.2,48951,32.29,8.21,209.6,-0.12,0.81
12/29/24,11:56:55AM,MiniOcean,,,76.2,1637.5,113.47,48961,32.29,8.21,208.9,0.02,0.73
12/29/24,12:11:55PM,MiniOcean,,,76.3,1658.5,114.86,49003,32.29,8.21,209.7,-0.13,0.44
12/29/24,12:26:55PM,MiniOcean,,,76.3,1672.5,115.79,49019,32.29,8.22,210.5,-0.16,0.5
12/29/24,12:41:55PM,MiniOcean,,,76.3,1684.6,116.69,48994,32.29,8.23,211.3,-0.13,0.55
12/29/24,12:56:55PM,MiniOcean,,,76.3,1661.3,115.07,48997,32.3,8.24,210.8,-0.07,0.55
12/29/24,01:11:55PM,MiniOcean,,,76.3,1657.8,114.82,48998,32.29,8.23,211.7,-0.15,0.95
12/29/24,01:26:55PM,MiniOcean,,,76.2,1623.7,112.49,48985,32.29,8.24,211.7,-0.01,1.28
12/29/24,01:41:55PM,MiniOcean,,,76.2,1584.9,109.8,48983,32.29,8.23,211.6,-0.13,-0.41
12/29/24,01:56:55PM,MiniOcean,,,76.2,1536.1,106.45,48970,32.29,8.23,212.4,-0.12,0.88
12/29/24,02:11:55PM,MiniOcean,,,76.2,1484.5,102.89,48943,32.28,8.23,212.6,-0.15,0.6
12/29/24,02:26:55PM,MiniOcean,,,76.1,1428.5,99.11,48907,32.3,8.21,214.2,-0.16,0.91
12/29/24,02:41:55PM,MiniOcean,,,76,1380.3,95.8,48894,32.31,8.21,214.9,-0.06,-0.37
12/29/24,02:56:55PM,MiniOcean,,,75.9,1286,89.36,48822,32.3,8.2,215.8,-0.07,0.88
12/29/24,03:11:55PM,MiniOcean,,,75.9,1197.2,83.25,48773,32.29,8.2,217.4,-0.02,0.33
12/29/24,03:26:55PM,MiniOcean,,,75.7,1121.7,78.09,48715,32.3,8.19,218.8,-0.15,0.02
12/29/24,03:41:54PM,MiniOcean,,,75.7,1062,73.98,48663,32.29,8.18,220,-0.16,0.69
12/29/24,03:56:54PM,MiniOcean,,,75.5,955.5,66.64,48612,32.3,8.17,221,-0.14,0.15
12/29/24,04:11:54PM,MiniOcean,,,75.5,900.2,62.82,48568,32.29,8.16,221.6,-0.16,1.11
12/29/24,04:26:54PM,MiniOcean,,,75.4,804,56.14,48542,32.29,8.15,221.8,-0.18,0.78
12/29/24,04:41:54PM,MiniOcean,,,75.4,737.9,51.53,48524,32.29,8.14,221.9,-0.16,-0.31
12/29/24,04:56:54PM,MiniOcean,,,75.5,705.8,49.27,48531,32.27,8.13,222.4,-0.2,0.62
12/29/24,05:11:54PM,MiniOcean,,,75.6,646.6,45.08,48612,32.27,8.12,223,-0.2,0.02
12/29/24,05:26:54PM,MiniOcean,,,75.8,595.5,41.44,48691,32.26,8.1,222.7,-0.16,1.23
12/29/24,05:41:54PM,MiniOcean,,,75.9,550.3,38.25,48759,32.25,8.1,220.7,-0.14,-1.11
12/29/24,05:56:54PM,MiniOcean,,,76,495.2,34.4,48792,32.25,8.09,219.6,-0.2,-1.12
12/29/24,06:11:54PM,MiniOcean,,,76,384.7,26.72,48764,32.22,8.08,219.1,-0.21,-1.31
12/29/24,06:26:54PM,MiniOcean,,,76,282.1,19.59,48824,32.26,8.06,219.4,0.03,-1.86
12/29/24,06:41:54PM,MiniOcean,,,76,179.1,12.43,48831,32.26,8.05,217,-0.12,-1.61
12/29/24,06:56:54PM,MiniOcean,,,76,161,11.18,48822,32.26,8.05,216.2,-0.26,-2.38
12/29/24,07:11:54PM,MiniOcean,,,76,99.7,6.93,48807,32.26,8.05,216.2,-0.18,-1.91
12/29/24,07:26:54PM,MiniOcean,,,76,97.9,6.8,48800,32.27,8.04,215.9,-0.19,-1.58
12/29/24,07:41:54PM,MiniOcean,,,75.9,57.2,3.98,48784,32.26,8.04,214.5,-0.09,-1.75
12/29/24,07:56:54PM,MiniOcean,,,75.9,37.7,2.62,48735,32.24,8.03,212.6,-0.13,-1.83
12/29/24,08:11:54PM,MiniOcean,,,75.9,-0.9,-0.06,48562,32.12,8.03,211.8,-0.25,-2.4
12/29/24,08:26:54PM,MiniOcean,,,75.9,-27.9,-1.94,48747,32.27,8.03,211.5,-0.19,-2.11
12/29/24,08:41:53PM,MiniOcean,,,75.8,-31.6,-2.19,48737,32.27,8.02,210.9,-0.15,-2.12
12/29/24,08:56:53PM,MiniOcean,,,75.8,-55.4,-3.86,48715,32.27,7.99,211.2,-0.2,-2.08
12/29/24,09:11:53PM,MiniOcean,,,75.8,-39.3,-2.73,48704,32.27,8.01,211.4,-0.19,-2.09
12/29/24,09:26:53PM,MiniOcean,,,75.8,-62.6,-4.36,48689,32.27,8,211.2,-0.21,-2.42
12/29/24,09:41:53PM,MiniOcean,,,75.7,-70,-4.88,48679,32.27,8.01,209.1,-0.24,-2.15
12/29/24,09:56:53PM,MiniOcean,,,75.7,-121.7,-8.48,48419,32.09,8.01,209.8,-0.23,-2.53
12/29/24,10:11:53PM,MiniOcean,,,75.7,-51.4,-3.58,48663,32.27,8.02,210.3,-0.18,-2.38
12/29/24,10:26:53PM,MiniOcean,,,75.7,-91.5,-6.38,48642,32.27,8.01,204.8,-0.18,-1.95
12/29/24,10:41:53PM,MiniOcean,,,75.7,-178,-12.4,48640,32.27,8.01,205.8,-0.23,-2.15
12/29/24,10:56:53PM,MiniOcean,,,75.6,-89.4,-6.23,48628,32.27,8.01,205.9,-0.25,-2.54
12/29/24,11:11:53PM,MiniOcean,,,75.6,-211.5,-14.74,48631,32.27,8.02,207,-0.16,-2.27
12/29/24,11:26:53PM,MiniOcean,,,75.6,-73.4,-5.11,48627,32.27,8.01,207.8,-0.21,-2.41
12/29/24,11:41:53PM,MiniOcean,,,75.6,-104,-7.25,48620,32.27,8.01,206.1,-0.27,-2.59
12/29/24,11:56:53PM,MiniOcean,,,75.6,-65.9,-4.59,48604,32.27,8.01,206.4,-0.25,-2.2
12/30/24,00:11:53AM,MiniOcean,,,75.6,-152.2,-10.61,48605,32.27,8,208.2,-0.02,-1.86
12/30/24,00:26:53AM,MiniOcean,,,75.6,-121.1,-8.44,48596,32.27,7.99,192.8,-0.22,-2.48
12/30/24,00:41:53AM,MiniOcean,,,75.6,-143.5,-10.01,48593,32.27,8.01,203.1,-0.23,-2.42
12/30/24,00:56:53AM,MiniOcean,,,75.6,-119,-8.3,48591,32.27,8.01,206.9,-0.11,-1.72
12/30/24,01:11:53AM,MiniOcean,,,75.5,-152.9,-10.67,48579,32.27,8,208.9,-0.29,-2.31
12/30/24,01:26:53AM,MiniOcean,,,75.5,-150,-10.46,48568,32.27,8.01,210.3,-0.26,-2.16
12/30/24,01:41:52AM,MiniOcean,,,75.5,-103.1,-7.19,48569,32.27,8,212,-0.1,-2.1
12/30/24,01:56:52AM,MiniOcean,,,75.5,-131.8,-9.2,48564,32.27,8,213.4,-0.21,-1.96
12/30/24,02:11:52AM,MiniOcean,,,75.5,-135.5,-9.45,48556,32.27,8.01,211.8,-0.27,-2.62
12/30/24,02:26:52AM,MiniOcean,,,75.5,-151.7,-10.59,48543,32.27,8,212.5,-0.23,-2.37
12/30/24,02:41:52AM,MiniOcean,,,75.5,-137.6,-9.6,48541,32.27,8,211.7,-0.22,-2.29
12/30/24,02:56:52AM,MiniOcean,,,75.5,-178.7,-12.48,48547,32.27,8,210.8,-0.25,1.61
12/30/24,03:11:52AM,MiniOcean,,,75.5,-145,-10.12,48533,32.27,8,211.7,-0.14,-2.15
12/30/24,03:26:52AM,MiniOcean,,,75.5,-146.3,-10.21,48526,32.27,8,213.3,-0.25,-2.31
12/30/24,03:41:52AM,MiniOcean,,,75.5,-167.6,-11.73,47930,31.82,8,213.1,-0.18,-2.45
12/30/24,03:56:52AM,MiniOcean,,,75.5,-159,-11.1,48535,32.27,8,210.9,-0.18,-2.06
12/30/24,04:11:52AM,MiniOcean,,,75.4,-152.3,-10.63,48541,32.28,7.99,211.7,-0.25,-2.66
12/30/24,04:26:52AM,MiniOcean,,,75.4,-160.2,-11.19,48524,32.27,7.99,211.5,-0.24,-2.71
12/30/24,04:41:52AM,MiniOcean,,,75.4,-164.8,-11.51,48517,32.27,7.99,212.6,-0.24,-2.43
12/30/24,04:56:52AM,MiniOcean,,,75.4,-177.6,-12.4,48521,32.28,7.98,211.6,-0.22,-2.38
12/30/24,05:11:52AM,MiniOcean,,,75.3,-175.6,-12.27,48475,32.29,7.99,211.6,-0.21,-2.11
12/30/24,05:26:52AM,MiniOcean,,,75.1,-198.3,-13.89,48369,32.28,7.99,211.9,-0.18,-2.04
12/30/24,05:41:52AM,MiniOcean,,,75,-130.8,-9.17,48324,32.29,7.99,208.5,-0.1,-2.14
12/30/24,05:56:52AM,MiniOcean,,,75,-72.4,-5.08,48269,32.28,7.99,210.3,-0.19,-2.25
12/30/24,06:11:52AM,MiniOcean,,,74.9,-29.9,-2.1,48189,32.24,7.99,211,-0.17,-2.06
12/30/24,06:26:51AM,MiniOcean,,,74.8,-12.8,-0.9,48230,32.29,8.01,213.1,-0.17,-2.08
12/30/24,06:41:51AM,MiniOcean,,,74.8,16.4,1.15,48105,32.2,8.01,214.7,1.23,9.35
12/30/24,06:56:51AM,MiniOcean,,,74.8,39.5,2.78,48097,32.21,8.01,216.2,0.63,5.2
12/30/24,07:11:51AM,MiniOcean,,,74.8,60.9,4.28,48002,32.16,8.02,218.2,0.85,9.37
12/30/24,07:26:51AM,MiniOcean,,,74.7,77.2,5.43,48153,32.28,8.02,219.7,0.57,4.47
12/30/24,07:41:51AM,MiniOcean,,,74.7,113.2,7.96,48096,32.24,8.01,221.3,0.04,-1.22
12/30/24,07:56:51AM,MiniOcean,,,74.7,123.9,8.71,48076,32.23,8.01,221.8,-0.15,-2.31
12/30/24,08:11:51AM,MiniOcean,,,74.7,157,11.03,48146,32.27,8.03,221.4,-0.09,-2.45
12/30/24,08:26:51AM,MiniOcean,,,74.8,256.7,18.03,48127,32.22,8.04,222.5,-0.08,0.2
12/30/24,08:41:51AM,MiniOcean,,,74.9,379.9,26.67,48172,32.22,8.05,223,-0.23,-1.9
12/30/24,08:56:51AM,MiniOcean,,,75,489.7,34.34,48221,32.22,8.06,223.5,0.09,0.09
12/30/24,09:11:51AM,MiniOcean,,,75.1,605.5,42.42,48283,32.22,8.06,224.4,-0.14,0.53
12/30/24,09:26:51AM,MiniOcean,,,75.3,705,49.3,48400,32.23,8.08,225,-0.29,-2.16
12/30/24,09:41:51AM,MiniOcean,,,75.5,795.7,55.55,48536,32.27,8.11,225.2,-0.23,-2.22
12/30/24,09:56:51AM,MiniOcean,,,75.6,949.6,66.19,48618,32.27,8.1,225.3,-0.26,-2.42
12/30/24,10:11:51AM,MiniOcean,,,75.8,1071.9,74.6,48688,32.26,8.13,223.7,-0.23,-1.88
12/30/24,10:26:51AM,MiniOcean,,,75.9,1144.2,79.55,48765,32.28,8.13,223.7,-0.2,-2.15
12/30/24,10:41:51AM,MiniOcean,,,76,1214.5,84.37,48811,32.28,8.14,223.5,-0.25,-1.77
12/30/24,10:56:51AM,MiniOcean,,,76,1350.9,93.77,48863,32.28,8.15,222.2,-0.23,-1.35
12/30/24,11:11:51AM,MiniOcean,,,76.1,1447.5,100.42,48902,32.29,8.18,220.8,0.06,0.02
12/30/24,11:26:50AM,MiniOcean,,,76.2,1498,103.86,48939,32.29,8.19,220.4,-0.23,-1.58
12/30/24,11:41:50AM,MiniOcean,,,76.2,1588.6,110.07,48974,32.29,8.2,220.7,-0.21,-1.36
12/30/24,11:56:50AM,MiniOcean,,,76.2,1605,111.19,48990,32.3,8.17,220.5,-0.21,-1.72
12/30/24,12:11:50PM,MiniOcean,,,76.3,1665.4,115.32,49022,32.31,8.21,220.9,-0.12,-1.58
12/30/24,12:26:50PM,MiniOcean,,,76.3,1675.9,116.04,49030,32.31,8.22,220.9,-0.18,-1.57
12/30/24,12:41:50PM,MiniOcean,,,76.3,1706.8,118.22,49008,32.3,8.24,221.2,-0.24,-2.26
12/30/24,12:56:50PM,MiniOcean,,,76.2,1679.7,116.36,48996,32.3,8.22,219.6,-0.22,-1.79
12/30/24,01:11:50PM,MiniOcean,,,76.2,1674.3,115.98,49002,32.3,8.23,219.2,-0.2,-1.75
12/30/24,01:26:50PM,MiniOcean,,,76.2,1636.4,113.4,48978,32.3,8.23,219,-0.18,-1.85
12/30/24,01:41:50PM,MiniOcean,,,76.2,1589,110.12,48968,32.3,8.24,219.7,-0.26,-1.94
12/30/24,01:56:50PM,MiniOcean,,,76.2,1535.4,106.43,48957,32.3,8.24,220.9,-0.1,-1.43
12/30/24,02:11:50PM,MiniOcean,,,76.1,1482.3,102.79,48939,32.3,8.24,223.5,-0.21,-1.5
12/30/24,02:26:50PM,MiniOcean,,,76.1,1432.8,99.39,48914,32.3,8.22,224.5,-0.21,-1.62
12/30/24,02:41:50PM,MiniOcean,,,76,1373.2,95.31,48889,32.3,8.22,225.6,-0.05,-0.7
12/30/24,02:56:50PM,MiniOcean,,,75.9,1281,89.01,48825,32.3,8.2,226.6,-0.26,-1.68
12/30/24,03:56:47PM,R1,,,75.6,438.9,30.21,51646,34.56,8.01,135.6,-0.51,-3.49
12/30/24,03:58:33PM,R2,,,75.4,403.7,27.69,52754,35.46,7.98,142,-0.53,-3.95
12/30/24,05:43:07PM,MiniOcean,,,75.8,478.8,33.36,48357,32,8.1,154,-0.3,-2.81
12/30/24,05:58:07PM,MiniOcean,,,76.1,491.3,34.09,48875,32.28,8.09,163.2,-0.42,-3.54
12/30/24,06:13:07PM,MiniOcean,,,76.1,459.8,31.89,48912,32.28,8.09,171.4,-0.42,-3.53
12/30/24,06:28:07PM,MiniOcean,,,76.1,409.2,28.38,48916,32.28,8.08,174.4,-0.42,-2.98
12/30/24,06:43:07PM,MiniOcean,,,76.1,332.1,23.04,48895,32.28,8.07,180.1,-0.41,-3.17
12/30/24,06:58:06PM,MiniOcean,,,76.1,258.3,17.92,48871,32.28,8.06,182.1,-0.43,-1.16
12/30/24,07:13:06PM,MiniOcean,,,76,155.3,10.79,48858,32.29,8.06,183.3,-0.34,-2.97
12/30/24,07:28:06PM,MiniOcean,,,76,155.1,10.77,48835,32.29,8.05,182.1,-0.33,-2.75
12/30/24,07:43:06PM,MiniOcean,,,75.9,115.5,8.03,48812,32.29,8.05,185,-0.38,-3.54
12/30/24,07:58:06PM,MiniOcean,,,75.9,71.8,4.99,48800,32.28,8.04,183.9,-0.43,-3.52
12/30/24,08:13:06PM,MiniOcean,,,75.8,63,4.38,48760,32.29,8.04,186.4,-0.42,-2.94
12/30/24,08:28:06PM,MiniOcean,,,75.8,51.2,3.56,48743,32.29,8.04,186.8,-0.28,-2.78
12/30/24,08:43:06PM,MiniOcean,,,75.8,36.6,2.55,48719,32.28,8.04,189,-0.2,-2.36
12/30/24,08:58:06PM,MiniOcean,,,75.8,26.1,1.82,48695,32.27,8.04,190.2,-0.34,-2.86
12/30/24,09:13:06PM,MiniOcean,,,75.7,-0.4,-0.03,48699,32.28,8.03,187.6,-0.43,-3.52
12/30/24,09:28:06PM,MiniOcean,,,75.7,-16.2,-1.13,48669,32.27,8.03,190.8,-0.4,-3.35
12/30/24,09:43:06PM,MiniOcean,,,75.7,-89.7,-6.25,48683,32.28,8.03,181.4,-0.34,-3.43
12/30/24,09:58:06PM,MiniOcean,,,75.7,-33.5,-2.33,48676,32.28,8.02,183.8,-0.41,-3.3
12/30/24,10:13:06PM,MiniOcean,,,75.7,-46,-3.2,48662,32.28,8.02,182,-0.43,-3.39
12/30/24,10:28:06PM,MiniOcean,,,75.7,-39.3,-2.74,48657,32.28,8.02,187.1,-0.44,-3.77
12/30/24,10:43:06PM,MiniOcean,,,75.6,-81.6,-5.69,48648,32.28,8.01,186.7,-0.42,-3.62
12/30/24,10:58:06PM,MiniOcean,,,75.6,-103.8,-7.23,48636,32.28,8.02,165.9,-0.38,-3.36
12/30/24,11:13:06PM,MiniOcean,,,75.6,-88.3,-6.15,48629,32.28,8.02,172.1,-0.44,-2.87
12/30/24,11:28:06PM,MiniOcean,,,75.6,-107.9,-7.52,48618,32.27,8.02,177.1,-0.44,-3.57
12/30/24,11:43:06PM,MiniOcean,,,75.6,-182.3,-12.71,48615,32.28,8.01,176.8,-0.38,-3.32
12/30/24,11:58:05PM,MiniOcean,,,75.6,-80.5,-5.61,48601,32.28,8.02,176.3,-0.42,-3.67
12/31/24,00:13:05AM,MiniOcean,,,75.6,-104.3,-7.28,48598,32.27,8.02,181.5,-0.4,-3.63
12/31/24,00:28:05AM,MiniOcean,,,75.5,-78.7,-5.49,48582,32.28,8.02,184.3,-0.39,-2.76
12/31/24,00:43:05AM,MiniOcean,,,75.5,-104.1,-7.26,48577,32.28,8.02,184.2,-0.41,-3.53
12/31/24,00:58:05AM,MiniOcean,,,75.5,-89.5,-6.24,48574,32.28,8.01,175.1,-0.4,-3.44
12/31/24,01:13:05AM,MiniOcean,,,75.5,-78.8,-5.5,48562,32.27,8.01,180,-0.44,-3.67
12/31/24,01:28:05AM,MiniOcean,,,75.5,-78.3,-5.47,48530,32.27,8.01,182.9,1.25,-0.95
12/31/24,01:43:05AM,MiniOcean,,,75.5,-157.2,-10.97,48553,32.27,8.01,183.7,-0.43,-3.26
12/31/24,01:58:05AM,MiniOcean,,,75.5,-77.7,-5.43,48529,32.27,8.01,184.4,-0.45,-2.76
12/31/24,02:13:05AM,MiniOcean,,,75.4,-85.8,-5.99,48527,32.27,8.01,176.2,-0.39,-3.68
12/31/24,02:28:05AM,MiniOcean,,,75.4,-88.9,-6.21,48536,32.28,8.01,185,-0.43,-3.55
12/31/24,02:43:05AM,MiniOcean,,,75.5,-97.2,-6.78,48531,32.27,8.01,187.1,-0.34,-3.5
12/31/24,02:58:05AM,MiniOcean,,,75.4,-96.2,-6.72,48510,32.28,8.01,186.1,-0.36,-3.51
12/31/24,03:13:05AM,MiniOcean,,,75.4,-90.1,-6.29,48507,32.28,8.01,183.6,-0.42,-3.24
12/31/24,03:28:05AM,MiniOcean,,,75.4,-131.7,-9.2,48511,32.28,8,184.7,-0.39,-3.56
12/31/24,03:43:05AM,MiniOcean,,,75.4,-94.1,-6.57,48502,32.27,8.01,190,-0.26,-3.59
12/31/24,03:58:05AM,MiniOcean,,,75.4,-120.8,-8.44,48511,32.29,8,191.3,-0.37,-2.96
12/31/24,04:13:05AM,MiniOcean,,,75.4,-96.6,-6.75,48512,32.28,8.01,190.4,-0.36,-3.48
12/31/24,04:28:05AM,MiniOcean,,,75.4,-105,-7.34,48498,32.28,8.01,190.3,-0.4,-3.55
12/31/24,04:43:04AM,MiniOcean,,,75.4,-119.4,-8.34,48493,32.28,8,188.9,-0.39,-3.45
12/31/24,04:58:04AM,MiniOcean,,,75.4,-122.9,-8.58,48487,32.28,8.01,191.9,-0.4,-3.51
12/31/24,05:13:04AM,MiniOcean,,,75.1,-127.7,-8.94,48373,32.28,8,190.7,-0.34,-3.3
12/31/24,05:28:04AM,MiniOcean,,,75,-119.5,-8.38,48298,32.29,8,187.5,-0.42,-3.48
12/31/24,05:43:04AM,MiniOcean,,,74.9,-61.4,-4.31,48261,32.28,8.01,188.2,-0.39,-3.47
12/31/24,05:58:04AM,MiniOcean,,,74.8,-16.6,-1.16,48217,32.29,8.01,188.9,-0.41,-3.56
12/31/24,06:13:04AM,MiniOcean,,,74.8,-1.2,-0.08,48191,32.29,8.01,188.3,-0.4,-3.49
12/31/24,06:28:04AM,MiniOcean,,,74.7,38.5,2.71,48170,32.3,8.01,192.8,-0.36,-3.48
12/31/24,06:43:04AM,MiniOcean,,,74.7,64.7,4.55,48148,32.29,8.02,181.3,-0.3,-3.19
12/31/24,06:58:04AM,MiniOcean,,,74.7,82.2,5.78,48132,32.29,8.02,177.9,-0.42,-3.17
12/31/24,07:13:04AM,MiniOcean,,,74.7,94.6,6.66,48112,32.28,8.02,167.8,-0.36,-3.37
12/31/24,07:28:04AM,MiniOcean,,,74.6,121.3,8.54,48103,32.29,8.02,177.1,-0.32,-3.14
12/31/24,07:43:04AM,MiniOcean,,,74.6,129.8,9.14,48086,32.29,8.03,186.7,-0.37,-3.16
12/31/24,07:58:04AM,MiniOcean,,,74.6,139.9,9.85,48084,32.29,8.03,184.8,-0.37,-3.18
12/31/24,08:13:04AM,MiniOcean,,,74.6,193.2,13.6,48097,32.29,8.03,188.9,-0.37,-3.4
12/31/24,08:28:04AM,MiniOcean,,,74.7,287.9,20.25,48136,32.3,8.04,191.4,-0.38,-3.44
12/31/24,08:43:04AM,MiniOcean,,,74.8,393.7,27.67,48186,32.29,8.05,184.7,-0.36,-3.42
12/31/24,08:58:04AM,MiniOcean,,,74.9,509.5,35.77,48245,32.29,8.07,189.1,-0.4,-3.38
12/31/24,09:13:04AM,MiniOcean,,,75,628,44.02,48321,32.29,8.09,196.1,-0.42,-3.47
12/31/24,09:28:03AM,MiniOcean,,,75.2,794.4,55.61,48408,32.3,8.1,200.2,-0.45,-3.36
12/31/24,09:43:03AM,MiniOcean,,,75.3,822.3,57.47,48492,32.29,8.11,203,-0.39,-3.36
12/31/24,09:58:03AM,MiniOcean,,,75.5,959.9,66.97,48595,32.3,8.13,205.9,-0.41,-3.49
12/31/24,10:13:03AM,MiniOcean,,,75.7,1037.6,72.27,48686,32.3,8.14,208.3,-0.43,-3.49
12/31/24,10:28:03AM,MiniOcean,,,75.8,1135.1,78.92,48801,32.31,8.16,209.3,-0.4,-3.37
12/31/24,10:43:03AM,MiniOcean,,,76,1229.9,85.43,48847,32.31,8.17,209.4,-0.42,-3.6
12/31/24,10:58:03AM,MiniOcean,,,76.1,1271.8,88.24,48902,32.3,8.18,209.9,-0.41,-3.28
12/31/24,11:13:03AM,MiniOcean,,,76.2,1401.5,97.15,48952,32.29,8.2,209.6,-0.35,-3.19
12/31/24,11:28:03AM,MiniOcean,,,76.2,1476.9,102.32,48986,32.3,8.21,208.6,-0.44,-3.42
12/31/24,11:43:03AM,MiniOcean,,,76.3,1547.6,107.18,49010,32.3,8.22,207.4,-0.45,-3.59
12/31/24,11:58:03AM,MiniOcean,,,76.2,1545.5,107.07,48987,32.3,8.22,207.1,-0.4,-3.56
12/31/24,12:13:03PM,MiniOcean,,,76.2,1574.9,109.1,48991,32.3,8.23,206.9,-0.41,-3.48
12/31/24,12:28:03PM,MiniOcean,,,76.2,1604,111.16,48973,32.3,8.24,207.6,-0.4,-3.35
12/31/24,12:43:03PM,MiniOcean,,,76.1,1591,110.34,48927,32.3,8.24,206.7,-0.43,-3.41
12/31/24,12:58:03PM,MiniOcean,,,76.1,1587.2,110.12,48909,32.3,8.25,209,-0.16,-2.99
12/31/24,01:13:03PM,MiniOcean,,,76.1,1600.7,111.09,48888,32.3,8.25,209.6,-0.4,-3.37
12/31/24,01:28:03PM,MiniOcean,,,76,1546.4,107.39,48860,32.3,8.25,210.1,-0.3,-3.16
12/31/24,01:43:03PM,MiniOcean,,,76,1496.2,103.92,48839,32.29,8.24,212,-0.4,-3.42
12/31/24,01:58:03PM,MiniOcean,,,75.9,1464.2,101.72,48821,32.29,8.24,210.3,-0.37,-3.4
12/31/24,02:13:03PM,MiniOcean,,,75.9,1440.7,100.13,48799,32.29,8.23,205.7,-0.4,-3.51
12/31/24,02:28:03PM,MiniOcean,,,75.9,1375.1,95.62,48760,32.28,8.23,210.6,-0.33,-3.11
12/31/24,02:43:02PM,MiniOcean,,,75.8,1313.5,91.4,48717,32.28,8.22,213,-0.38,-3.49
12/31/24,02:58:02PM,MiniOcean,,,75.7,1269,88.36,48679,32.28,8.21,214.8,-0.4,-3.49
12/31/24,03:13:02PM,MiniOcean,,,75.6,1186.9,82.71,48644,32.28,8.21,216.9,-0.44,-3.48
12/31/24,03:28:02PM,MiniOcean,,,75.6,1130.1,78.8,48606,32.28,8.2,218.1,-0.38,-3.33
12/31/24,03:43:02PM,MiniOcean,,,75.5,1045,72.89,48593,32.28,8.18,219.4,-0.33,-2.71
12/31/24,03:58:02PM,MiniOcean,,,75.5,965.1,67.31,48595,32.28,8.17,220,-0.39,-3.47
12/31/24,04:13:02PM,MiniOcean,,,75.6,893.5,62.3,48600,32.28,8.16,220.4,-0.39,-3.49
12/31/24,04:28:02PM,MiniOcean,,,75.6,855,59.61,48616,32.28,8.15,219.9,-0.42,-2.91
12/31/24,04:43:02PM,MiniOcean,,,75.6,759.9,52.97,48622,32.28,8.14,220.4,-0.37,-3.49
12/31/24,04:58:02PM,MiniOcean,,,75.7,693,48.28,48644,32.27,8.13,220.7,-0.38,-3.16
12/31/24,05:13:02PM,MiniOcean,,,75.8,634.5,44.15,48712,32.27,8.12,219.4,-0.38,-3.43
12/31/24,05:28:02PM,MiniOcean,,,75.9,588.6,40.9,48783,32.26,8.11,220.4,-0.33,-3.45
12/31/24,05:43:02PM,MiniOcean,,,76,533.7,37.05,48838,32.26,8.1,220.5,-0.38,-3.48
12/31/24,05:58:02PM,MiniOcean,,,76.1,486.1,33.74,48862,32.27,8.09,219.9,-0.38,-3.5
12/31/24,06:13:02PM,MiniOcean,,,76.1,406.9,28.24,48869,32.28,8.08,218.7,-0.4,-3.43
12/31/24,06:28:02PM,MiniOcean,,,76.1,317.5,22.04,48858,32.28,8.07,216.3,-0.38,-3.16
12/31/24,06:43:02PM,MiniOcean,,,76,260.5,18.08,48846,32.28,8.06,215.3,-0.41,-3.22
12/31/24,06:58:02PM,MiniOcean,,,76,195,13.54,48816,32.27,8.06,214.2,-0.38,-3.52
12/31/24,07:13:02PM,MiniOcean,,,75.9,158.7,11.03,48801,32.28,8.05,213.8,-0.37,-2.42
12/31/24,07:28:02PM,MiniOcean,,,75.9,103.3,7.18,48791,32.28,8.05,211.7,-0.3,-3.39
12/31/24,07:43:01PM,MiniOcean,,,75.9,71.5,4.97,48774,32.28,8.04,210.7,-0.37,-3.08
12/31/24,07:58:01PM,MiniOcean,,,75.8,72.5,5.04,48742,32.28,8.03,210.4,-0.31,-3.23
12/31/24,08:13:01PM,MiniOcean,,,75.8,45.1,3.14,48720,32.27,8.04,209.8,-0.35,-3.36
12/31/24,08:28:01PM,MiniOcean,,,75.8,21.9,1.53,48717,32.28,8.03,210.4,-0.41,-3.44
12/31/24,08:43:01PM,MiniOcean,,,75.7,-20.3,-1.42,48701,32.28,8.03,208.4,-0.33,-3.14
12/31/24,08:58:01PM,MiniOcean,,,75.7,-7.7,-0.54,48670,32.28,8.03,206.2,-0.37,-3.44
12/31/24,09:13:01PM,MiniOcean,,,75.7,-22.9,-1.59,48662,32.28,8.03,204.8,-0.41,-1.58
12/31/24,09:28:01PM,MiniOcean,,,75.7,-91.3,-6.36,48654,32.28,8.01,179.4,-0.27,-3.22
12/31/24,09:43:01PM,MiniOcean,,,75.6,-32.1,-2.24,48642,32.29,8.02,193.6,-0.38,-3.28
12/31/24,09:58:01PM,MiniOcean,,,75.6,-66.8,-4.66,48632,32.28,8.02,197.6,-0.32,-3
12/31/24,10:13:01PM,MiniOcean,,,75.6,-80.8,-5.63,48625,32.28,8.02,200.2,-0.4,-3.48
12/31/24,10:28:01PM,MiniOcean,,,75.5,-69.4,-4.84,48604,32.29,8.02,203,-0.37,-3.36
12/31/24,10:43:01PM,MiniOcean,,,75.6,-84.5,-5.89,48607,32.28,8.02,203.2,-0.37,-2.8
12/31/24,10:58:01PM,MiniOcean,,,75.6,-54.7,-3.82,48594,32.28,8.01,173.9,-0.31,-3.17
12/31/24,11:13:01PM,MiniOcean,,,75.5,-71,-4.95,48577,32.28,8.02,186.1,-0.4,-3.11
12/31/24,11:28:01PM,MiniOcean,,,75.5,-103.3,-7.21,48577,32.28,8.02,189.9,-0.33,-3.2
12/31/24,11:43:01PM,MiniOcean,,,75.5,-86.4,-6.03,48567,32.28,8.01,186.6,-0.37,-3.45
12/31/24,11:58:01PM,MiniOcean,,,75.5,-107.6,-7.51,48549,32.28,8.02,180.9,-0.31,-3.45
1/1/25,00:13:01AM,MiniOcean,,,75.5,-151,-10.54,48542,32.28,8.01,184.7,-0.22,-3.4
1/1/25,00:28:00AM,MiniOcean,,,75.4,-89.6,-6.26,48531,32.28,8.01,191,-0.42,-3.4
1/1/25,00:43:00AM,MiniOcean,,,75.4,-102.2,-7.14,48525,32.28,8.01,192.8,-0.24,-3.33
1/1/25,00:58:00AM,MiniOcean,,,75.4,-85.9,-6,48502,32.28,8.01,190.5,-0.42,-3.59
1/1/25,01:13:00AM,MiniOcean,,,75.4,-132.2,-9.23,48505,32.28,8.01,192.4,-0.37,-2.01
1/1/25,01:28:00AM,MiniOcean,,,75.4,-160.2,-11.19,48499,32.28,8.01,189.4,-0.37,-3.39
1/1/25,01:43:00AM,MiniOcean,,,75.3,-106.8,-7.46,48479,32.28,8.01,192.2,-0.41,-3.33
1/1/25,01:58:00AM,MiniOcean,,,75.4,-156.1,-10.9,48491,32.28,8,194.4,-0.39,-3.31
1/1/25,02:13:00AM,MiniOcean,,,75.3,-106.3,-7.43,48484,32.28,8.01,184.5,-0.01,-3.41
1/1/25,02:28:00AM,MiniOcean,,,75.3,-113.7,-7.95,48477,32.29,8.01,189.8,-0.22,-3.42
1/1/25,02:43:00AM,MiniOcean,,,75.3,-160.4,-11.21,48482,32.29,8.01,193.4,-0.33,-2.93
1/1/25,02:58:00AM,MiniOcean,,,75.3,-132.5,-9.26,48477,32.29,8.01,196.6,-0.38,-3.44
1/1/25,03:13:00AM,MiniOcean,,,75.3,-99.6,-6.96,48469,32.29,8.01,196.6,-0.35,-3.09
1/1/25,03:28:00AM,MiniOcean,,,75.3,-109.4,-7.65,48457,32.29,8.01,199.8,-0.42,-3.13
1/1/25,03:43:00AM,MiniOcean,,,75.3,-144.9,-10.13,48462,32.29,8,200.6,-0.37,-3.25
1/1/25,03:58:00AM,MiniOcean,,,75.3,-136.9,-9.57,48454,32.29,8,200.1,-0.3,-3.24
1/1/25,04:13:00AM,MiniOcean,,,75.2,-122.7,-8.58,48447,32.3,8,202.7,-0.37,-3.29
1/1/25,04:28:00AM,MiniOcean,,,75.3,-158.7,-11.1,48455,32.29,8,195.2,-0.33,-3.46
1/1/25,04:43:00AM,MiniOcean,,,75.2,-223.9,-15.66,48443,32.29,7.99,179.1,-0.37,-3.49
1/1/25,04:58:00AM,MiniOcean,,,75.2,-173.1,-12.11,48424,32.29,8,189.7,-0.39,-3.36
1/1/25,05:12:59AM,MiniOcean,,,75,-138.2,-9.68,48341,32.29,8,175,-0.4,-3.39
1/1/25,05:27:59AM,MiniOcean,,,74.9,-126,-8.84,48253,32.3,8,186.3,-0.34,-3.1
1/1/25,05:42:59AM,MiniOcean,,,74.8,-85.8,-6.03,48206,32.3,8.01,192.6,-0.4,-3.25
1/1/25,05:57:59AM,MiniOcean,,,74.7,-52.7,-3.71,48151,32.3,8.01,197.3,-0.42,-3.42
1/1/25,06:12:59AM,MiniOcean,,,74.6,-8.9,-0.63,48119,32.3,8.01,200,-0.38,-3.39
1/1/25,06:27:59AM,MiniOcean,,,74.6,24.5,1.72,48089,32.3,8.02,200.7,-0.37,-3.24
1/1/25,06:42:59AM,MiniOcean,,,74.5,42.9,3.02,48070,32.31,8.02,202.7,-0.36,-3.12
1/1/25,06:57:59AM,MiniOcean,,,74.5,65.7,4.63,48058,32.31,8.02,203.6,-0.29,-2.92
1/1/25,07:12:59AM,MiniOcean,,,74.4,77.4,5.46,48043,32.31,8.02,204.5,-0.3,-3.17
1/1/25,07:27:59AM,MiniOcean,,,74.4,100.3,7.07,48034,32.31,8.02,206.8,-0.37,-3.05
1/1/25,07:42:59AM,MiniOcean,,,74.4,123.7,8.72,48034,32.31,8.03,208.6,-0.36,-3.21
1/1/25,07:57:59AM,MiniOcean,,,74.4,133.3,9.4,48034,32.31,8.03,208.6,-0.37,-3.16
1/1/25,08:12:59AM,MiniOcean,,,74.5,178.2,12.56,48045,32.31,8.03,208,-0.39,-3.12
1/1/25,08:27:59AM,MiniOcean,,,74.5,273.3,19.24,48080,32.31,8.04,208.4,-0.37,-3.17
1/1/25,08:42:59AM,MiniOcean,,,74.6,381.5,26.85,48136,32.31,8.05,208.7,0.21,-3.09
1/1/25,08:57:59AM,MiniOcean,,,74.8,508.7,35.74,48202,32.31,8.07,210.2,-0.37,-3.31
1/1/25,09:12:59AM,MiniOcean,,,74.9,635.4,44.59,48271,32.31,8.09,211.2,-0.37,-3.13
1/1/25,09:27:59AM,MiniOcean,,,75,774,54.24,48356,32.31,8.1,212.4,-0.35,-3.17
1/1/25,09:42:59AM,MiniOcean,,,75.2,872.1,61.02,48448,32.31,8.12,213.6,-0.4,-3.38
1/1/25,09:57:59AM,MiniOcean,,,75.4,977.5,68.26,48549,32.31,8.13,214.8,-0.38,-3.41
1/1/25,10:12:58AM,MiniOcean,,,75.6,1075.7,74.99,48653,32.31,8.15,215.2,-0.42,-3.23
1/1/25,10:27:58AM,MiniOcean,,,75.8,1181.9,82.25,48758,32.32,8.16,215.4,-0.39,-3.31
1/1/25,10:42:58AM,MiniOcean,,,75.9,1260.7,87.64,48805,32.31,8.18,215.9,-0.31,-3.19
1/1/25,10:57:58AM,MiniOcean,,,76,1360.6,94.47,48873,32.31,8.19,215.5,-0.41,-3.39
1/1/25,11:12:58AM,MiniOcean,,,76.1,1482.2,102.84,48920,32.31,8.21,215.3,-0.17,-3.29
1/1/25,11:27:58AM,MiniOcean,,,76.1,1546.4,107.22,48961,32.31,8.22,215,-0.4,-3.32
1/1/25,11:42:58AM,MiniOcean,,,76.2,1602.7,111.09,48973,32.31,8.23,214.6,-0.39,-3.41
1/1/25,11:57:58AM,MiniOcean,,,76.2,1620.5,112.33,48966,32.31,8.24,214.4,-0.39,-3.35
1/1/25,12:12:58PM,MiniOcean,,,76.2,1654.1,114.64,48984,32.31,8.24,213.9,-0.38,-3.21
1/1/25,12:27:58PM,MiniOcean,,,76.2,1676.2,116.19,48963,32.31,8.25,212.7,-0.4,-3.41
1/1/25,12:42:58PM,MiniOcean,,,76.1,1680.7,116.62,48909,32.31,8.25,209.5,-0.32,-3.23
1/1/25,12:57:58PM,MiniOcean,,,76,1656.5,114.98,48868,32.29,8.25,212.8,-0.38,-3.27
1/1/25,01:12:58PM,MiniOcean,,,76,1639,113.84,48843,32.29,8.25,213.5,-0.37,-3.5
1/1/25,01:27:58PM,MiniOcean,,,75.9,1609.7,111.88,48791,32.28,8.25,213.7,-0.39,-3.36
1/1/25,01:42:58PM,MiniOcean,,,75.9,1592.5,110.73,48760,32.28,8.25,214.8,-0.35,-3.22
1/1/25,01:57:58PM,MiniOcean,,,75.8,1517.1,105.55,48729,32.28,8.24,214.3,-0.36,-3.42
1/1/25,02:12:58PM,MiniOcean,,,75.8,1490.3,103.74,48696,32.27,8.24,215.3,-0.36,-3.41
1/1/25,02:27:58PM,MiniOcean,,,75.6,1392.4,97.03,48638,32.28,8.23,213.8,-0.37,-3.38
1/1/25,02:42:58PM,MiniOcean,,,75.5,1338.9,93.38,48588,32.28,8.22,215.5,-0.39,-3.5
1/1/25,02:57:58PM,MiniOcean,,,75.4,1253.2,87.49,48527,32.27,8.21,218,-0.38,-3.44
1/1/25,03:12:57PM,MiniOcean,,,75.3,1176.4,82.21,48487,32.29,8.2,217.1,-0.34,-3.06
1/1/25,03:27:57PM,MiniOcean,,,75.3,1085.4,75.91,48442,32.28,8.19,219.3,-0.38,-3.47
1/1/25,03:42:57PM,MiniOcean,,,75.2,971.9,68.02,48406,32.28,8.17,221.8,-0.39,-3.69
1/1/25,03:57:57PM,MiniOcean,,,75.2,901.9,63.14,48387,32.28,8.16,222.8,-0.38,-3.62
1/1/25,04:12:57PM,MiniOcean,,,75.2,847.2,59.31,48395,32.29,8.15,224,-0.4,-3.63
1/1/25,04:27:57PM,MiniOcean,,,75.2,776.2,54.32,48407,32.29,8.14,225.1,-0.4,-3.55
1/1/25,04:42:57PM,MiniOcean,,,75.2,748.4,52.37,48428,32.3,8.14,225.8,-0.33,-3.63
1/1/25,04:57:57PM,MiniOcean,,,75.3,665.9,46.55,48471,32.29,8.12,226.3,-0.39,-3.53
1/1/25,05:12:57PM,MiniOcean,,,75.5,603.3,42.11,48555,32.28,8.11,226.5,-0.39,-3.58
1/1/25,05:27:57PM,MiniOcean,,,75.7,557.1,38.82,48650,32.28,8.1,226.9,-0.37,-3.64
1/1/25,05:42:57PM,MiniOcean,,,75.8,517.5,36.01,48719,32.28,8.1,227.3,-0.43,-2.15
1/1/25,05:57:57PM,MiniOcean,,,75.9,476.2,33.1,48778,32.28,8.09,226.1,-0.4,-2.19
1/1/25,06:12:57PM,MiniOcean,,,76,450,31.26,48814,32.28,8.08,225.7,-0.41,-2.75
1/1/25,06:27:57PM,MiniOcean,,,76,378.2,26.27,48819,32.28,8.08,225.5,-0.25,-2.45
1/1/25,06:42:57PM,MiniOcean,,,75.9,304,21.12,48810,32.29,8.07,225.5,-0.43,-2.75
1/1/25,06:57:57PM,MiniOcean,,,75.9,193.5,13.45,48790,32.29,8.06,222.6,-0.06,-3.37
1/1/25,07:12:57PM,MiniOcean,,,75.9,186.2,12.94,48777,32.29,8.06,220.9,-0.37,-3.16
1/1/25,07:27:57PM,MiniOcean,,,75.8,135,9.39,48754,32.28,8.05,220,-0.3,-3.21
1/1/25,07:42:57PM,MiniOcean,,,75.8,104.1,7.24,48731,32.28,8.05,218.9,-0.38,-3.49
1/1/25,07:57:57PM,MiniOcean,,,75.8,77.4,5.38,48719,32.29,8.03,215.7,-0.38,-3.18
1/1/25,08:12:56PM,MiniOcean,,,75.7,40.2,2.8,48700,32.29,8.04,214.8,-0.26,-3.13
1/1/25,08:27:56PM,MiniOcean,,,75.7,47.3,3.29,48667,32.28,8.04,216.2,-0.4,-2.23
1/1/25,08:42:56PM,MiniOcean,,,75.7,13.8,0.96,48669,32.29,8.03,216.4,-0.26,-3.05
1/1/25,08:57:56PM,MiniOcean,,,75.6,8.5,0.59,48654,32.29,8.03,214.1,-0.35,-3.12
1/1/25,09:12:56PM,MiniOcean,,,75.6,-2.7,-0.19,48652,32.29,8.03,214.9,-0.34,-3.33
1/1/25,09:27:56PM,MiniOcean,,,75.6,-29.3,-2.04,48637,32.3,8.03,213.1,-0.36,-3.19
1/1/25,09:42:56PM,MiniOcean,,,75.6,-54.7,-3.81,48625,32.29,8.03,212.7,-0.32,-3.53
1/1/25,09:57:56PM,MiniOcean,,,75.6,-22.9,-1.59,48607,32.29,8.03,209.8,-0.29,-3.42
1/1/25,10:12:56PM,MiniOcean,,,75.5,-35.9,-2.51,48601,32.29,8.03,211.3,-0.28,-3.41
1/1/25,10:27:56PM,MiniOcean,,,75.5,-45,-3.14,48594,32.29,8.03,213.8,-0.27,-3.34
1/1/25,10:42:56PM,MiniOcean,,,75.5,-52.2,-3.64,48591,32.3,8.02,214.4,-0.35,-3.32
1/1/25,10:57:56PM,MiniOcean,,,75.5,-61.5,-4.29,48580,32.29,8.02,213.1,-0.31,-3.25
1/1/25,11:12:56PM,MiniOcean,,,75.5,-67.5,-4.71,48576,32.29,8.02,214.7,-0.32,-3.38
1/1/25,11:27:56PM,MiniOcean,,,75.5,-67.5,-4.71,48563,32.29,8.02,213.7,-0.37,-3.49
1/1/25,11:42:56PM,MiniOcean,,,75.5,-141.3,-9.86,48562,32.29,8.01,203.5,-0.32,-3.4
1/1/25,11:57:56PM,MiniOcean,,,75.4,-123.4,-8.62,48555,32.29,8.01,211.4,-0.38,-3.57
1/2/25,00:12:56AM,MiniOcean,,,75.4,-115.3,-8.05,48554,32.3,8.02,212.6,-0.36,-3.51
1/2/25,00:27:56AM,MiniOcean,,,75.4,-122.9,-8.58,48531,32.28,8.02,213.1,-0.41,-3.49
1/2/25,00:42:56AM,MiniOcean,,,75.4,-203.7,-14.22,48544,32.29,8.01,214.1,-0.21,-3.39
1/2/25,00:57:55AM,MiniOcean,,,75.4,-107.8,-7.53,48526,32.29,8.01,213.8,-0.25,-2.95
1/2/25,01:12:55AM,MiniOcean,,,75.4,-162.4,-11.34,48533,32.29,8.01,212.6,-0.41,-2.86
1/2/25,01:27:55AM,MiniOcean,,,75.4,-116.1,-8.11,48533,32.29,8.01,211.9,-0.4,-3.59
1/2/25,01:42:55AM,MiniOcean,,,75.4,-106.2,-7.42,48514,32.29,8.01,208.1,-0.39,-3.45
1/2/25,01:57:55AM,MiniOcean,,,75.4,-105.5,-7.37,48523,32.29,8.01,209.7,-0.36,-3.51
1/2/25,02:12:55AM,MiniOcean,,,75.4,-353.2,-24.67,48523,32.29,8,211.4,-0.44,-2.48
1/2/25,02:27:55AM,MiniOcean,,,75.4,-131.1,-9.16,48514,32.29,8,213.8,-0.38,-3.39
1/2/25,02:42:55AM,MiniOcean,,,75.4,-138.9,-9.7,48522,32.3,8,215.2,-0.29,-3.13
1/2/25,02:57:55AM,MiniOcean,,,75.4,-110.1,-7.69,48507,32.29,8.01,215.5,-0.39,-3.39
1/2/25,03:12:55AM,MiniOcean,,,75.4,-139.1,-9.72,48507,32.29,8.01,215.1,-0.36,-3.32
1/2/25,03:27:55AM,MiniOcean,,,75.3,-116.8,-8.16,48488,32.3,8.01,210.1,-0.35,-3.05
1/2/25,03:42:55AM,MiniOcean,,,75.3,-110.4,-7.72,48494,32.29,8.01,213.1,-0.35,-3.11
1/2/25,03:57:55AM,MiniOcean,,,75.3,-104.5,-7.3,48494,32.29,8,214.2,-0.36,-3.45
1/2/25,04:12:55AM,MiniOcean,,,75.3,-112.6,-7.87,48495,32.29,8,215.9,-0.38,-1.79
1/2/25,04:27:55AM,MiniOcean,,,75.3,-129,-9.02,48500,32.29,8,214.7,-0.35,-3.11
1/2/25,04:42:55AM,MiniOcean,,,75.3,-136.6,-9.55,48502,32.29,7.99,213.9,-0.38,-3.4
1/2/25,04:57:55AM,MiniOcean,,,75.4,-101.8,-7.11,48494,32.28,8,210.1,-0.39,-3.37
1/2/25,05:12:55AM,MiniOcean,,,75.2,-81.5,-5.7,48421,32.29,8.01,210,-0.36,-3.39
1/2/25,05:27:55AM,MiniOcean,,,75,-56.3,-3.95,48264,32.24,8.01,209.5,-0.39,-3.37
1/2/25,05:42:54AM,MiniOcean,,,74.9,-12,-0.85,48276,32.3,8.01,206.8,-0.37,-3.3
1/2/25,05:57:54AM,MiniOcean,,,74.8,14.6,1.02,48232,32.31,8.02,211.7,-0.37,-3.37
1/2/25,06:12:54AM,MiniOcean,,,74.7,49,3.44,48180,32.3,8.02,213.3,-0.36,-2.26
1/2/25,06:27:54AM,MiniOcean,,,74.7,58.8,4.14,48160,32.31,8.02,212,-0.35,-3.14
1/2/25,06:42:54AM,MiniOcean,,,74.7,77,5.42,48145,32.3,8.02,213.3,-0.33,-2.89
1/2/25,06:57:54AM,MiniOcean,,,74.6,85.8,6.04,48122,32.31,8.02,213.8,-0.35,-3.07
1/2/25,07:12:54AM,MiniOcean,,,74.6,100.3,7.06,48119,32.32,8.02,216.1,-0.36,-3.3
1/2/25,07:27:54AM,MiniOcean,,,74.6,105.3,7.41,48108,32.31,8.02,217.4,-0.24,-2.75
1/2/25,07:42:54AM,MiniOcean,,,74.6,123.6,8.7,48096,32.31,8.02,219.3,-0.36,-2.33
1/2/25,07:57:54AM,MiniOcean,,,74.5,145.1,10.22,48093,32.31,8.03,220.6,-0.35,-3.05
1/2/25,08:12:54AM,MiniOcean,,,74.6,193.7,13.63,48108,32.31,8.03,222,-0.4,-2.84
1/2/25,08:27:54AM,MiniOcean,,,74.6,267.6,18.82,48144,32.31,8.04,223.1,-0.33,-3.13
1/2/25,08:42:54AM,MiniOcean,,,74.7,407.9,28.68,48184,32.31,8.06,222.8,-0.34,-3.27
1/2/25,08:57:54AM,MiniOcean,,,74.8,531.3,37.3,48254,32.31,8.07,224.5,-0.34,-3.18
1/2/25,09:12:54AM,MiniOcean,,,75,637,44.66,48326,32.31,8.09,223.5,-0.37,-3.15
1/2/25,09:27:54AM,MiniOcean,,,75.1,732.3,51.28,48405,32.31,8.1,224.4,-0.36,-3.01
1/2/25,09:42:54AM,MiniOcean,,,75.3,879.8,61.5,48500,32.31,8.12,224,-0.37,-2.98
1/2/25,09:57:54AM,MiniOcean,,,75.5,956.1,66.72,48598,32.32,8.13,224,-0.38,-3.18
1/2/25,10:12:54AM,MiniOcean,,,75.6,1076.7,75.02,48688,32.32,8.15,224.5,-0.1,-3.08
1/2/25,10:27:54AM,MiniOcean,,,75.8,1169.7,81.37,48788,32.33,8.16,224,-0.37,-3.34
1/2/25,10:42:53AM,MiniOcean,,,75.9,1276.7,88.75,48826,32.32,8.18,225.9,-0.36,-3.13
1/2/25,10:57:53AM,MiniOcean,,,76,1372.7,95.32,48873,32.32,8.2,225.5,-0.39,-3.31
1/2/25,11:12:53AM,MiniOcean,,,76,1477.2,102.52,48908,32.32,8.21,224.6,-0.38,-3.42
1/2/25,11:27:53AM,MiniOcean,,,76.1,1539.4,106.8,48930,32.32,8.22,217.7,-0.38,-3.14
1/2/25,11:42:53AM,MiniOcean,,,76.1,1611,111.71,48964,32.33,8.23,219,-0.37,-3.38
1/2/25,11:57:53AM,MiniOcean,,,76.1,1647.7,114.26,48949,32.32,8.24,219.4,-0.42,-3.44
1/2/25,12:12:53PM,MiniOcean,,,76.1,1634.8,113.35,48965,32.32,8.24,220,-0.37,-3.32
1/2/25,12:27:53PM,MiniOcean,,,76.1,1696.4,117.61,48969,32.32,8.25,221.2,-0.38,-3.21
1/2/25,12:42:53PM,MiniOcean,,,76.1,1682.7,116.74,48924,32.31,8.25,222.4,-0.37,-3.1
1/2/25,12:57:53PM,MiniOcean,,,76.1,1677.9,116.4,48913,32.3,8.26,222.5,-0.37,-3.22
1/2/25,01:12:53PM,MiniOcean,,,76,1653.5,114.76,48888,32.3,8.26,222.2,-0.38,-2.87
1/2/25,01:27:53PM,MiniOcean,,,76,1634.5,113.53,48852,32.31,8.26,223.4,-0.37,-2.67
1/2/25,01:42:53PM,MiniOcean,,,76,1641,113.98,48847,32.31,8.26,224.7,-0.39,-3.05
1/2/25,01:57:53PM,MiniOcean,,,75.9,1547.3,107.5,48837,32.31,8.25,224.5,-0.33,-2.61
1/2/25,02:12:53PM,MiniOcean,,,75.9,1505.4,104.64,48799,32.3,8.24,225.8,-0.27,-2.45
1/2/25,02:27:53PM,MiniOcean,,,75.8,1434.5,99.75,48775,32.3,8.24,226.7,-0.34,-2.81
1/2/25,02:42:53PM,MiniOcean,,,75.8,1375,95.68,48733,32.29,8.23,227.4,-0.4,-3.32
1/2/25,02:57:53PM,MiniOcean,,,75.7,1301.4,90.63,48683,32.29,8.22,228.2,-0.37,-3.28
1/2/25,03:12:53PM,MiniOcean,,,75.6,1228.9,85.65,48642,32.29,8.21,227.6,-0.35,-3.01
1/2/25,03:27:53PM,MiniOcean,,,75.5,1153.3,80.45,48594,32.29,8.2,227.8,-0.36,-3.15
1/2/25,03:42:52PM,MiniOcean,,,75.4,1071.2,74.81,48531,32.29,8.19,229.4,-0.3,-3.18
1/2/25,03:57:52PM,MiniOcean,,,75.3,992.2,69.33,48510,32.3,8.18,230.2,-0.37,-3.05
1/2/25,04:12:52PM,MiniOcean,,,75.3,924,64.61,48469,32.3,8.17,231.5,-0.32,-3.23
1/2/25,04:27:52PM,MiniOcean,,,75.2,833.1,58.26,48459,32.3,8.15,232.2,-0.34,-3.22
1/2/25,04:42:52PM,MiniOcean,,,75.2,764.7,53.48,48462,32.3,8.14,233,-0.39,-3.16
1/2/25,04:57:52PM,MiniOcean,,,75.3,716.4,50.09,48469,32.3,8.13,229.1,-0.34,-3.13
1/2/25,05:12:52PM,MiniOcean,,,75.4,627.2,43.79,48553,32.29,8.12,230.8,-0.37,-3.24
1/2/25,05:27:52PM,MiniOcean,,,75.6,589.4,41.09,48640,32.3,8.11,231.5,-0.37,-2.6
1/2/25,05:42:52PM,MiniOcean,,,75.8,573.9,39.95,48719,32.29,8.1,232.3,-0.37,-3.31
1/2/25,05:57:52PM,MiniOcean,,,75.9,510,35.46,48777,32.29,8.1,232.6,-0.33,-3.1
1/2/25,06:12:52PM,MiniOcean,,,76,457.4,31.76,48851,32.29,8.08,231.5,-0.39,-3.03
1/2/25,06:27:52PM,MiniOcean,,,76,388.7,26.99,48858,32.29,8.08,230.8,-0.26,-3.19
1/2/25,06:42:52PM,MiniOcean,,,76,320,22.22,48867,32.3,8.07,230.2,-0.31,-2.98
1/2/25,06:57:52PM,MiniOcean,,,76,244.8,17,48842,32.29,8.06,228.6,-0.37,-3.08
1/2/25,07:12:52PM,MiniOcean,,,76,191.5,13.3,48826,32.29,8.05,227.7,-0.31,-2.48
1/2/25,07:27:52PM,MiniOcean,,,75.9,144.7,10.06,48807,32.29,8.05,226.9,-0.35,-2.53
1/2/25,07:42:52PM,MiniOcean,,,75.9,88.3,6.13,48789,32.29,8.04,225.7,-0.09,-2.53
1/2/25,07:57:52PM,MiniOcean,,,75.9,85.5,5.95,48775,32.29,8.04,224.6,-0.31,-3.07
1/2/25,08:12:52PM,MiniOcean,,,75.8,46.5,3.23,48763,32.3,8.04,222.8,-0.39,-2.98
1/2/25,08:27:52PM,MiniOcean,,,75.8,37.1,2.58,48744,32.3,8.03,222.9,-0.28,3.35
1/2/25,08:42:51PM,MiniOcean,,,75.8,-10.7,-0.75,48737,32.3,8.03,220.8,-0.38,-2.6
1/2/25,08:57:51PM,MiniOcean,,,75.8,-25.8,-1.79,48726,32.3,8.03,220.9,-0.33,-3.16
1/2/25,09:12:51PM,MiniOcean,,,75.7,-49,-3.41,48712,32.3,8.03,210.2,-0.36,-3.12
1/2/25,09:27:51PM,MiniOcean,,,75.7,-41.8,-2.91,48692,32.3,8.03,210.5,-0.35,-3.18
1/2/25,09:42:51PM,MiniOcean,,,75.7,-63.7,-4.44,48688,32.3,8.02,214,-0.32,-3.01
1/2/25,09:57:51PM,MiniOcean,,,75.7,-62.4,-4.35,48673,32.3,8.03,215.6,-0.39,-3.27
1/2/25,10:12:51PM,MiniOcean,,,75.7,-51.7,-3.6,48668,32.29,8.02,213.8,-0.41,-3.17
1/2/25,10:27:51PM,MiniOcean,,,75.6,-49.8,-3.47,48651,32.3,8.02,203.5,-0.25,-2.76
1/2/25,10:42:51PM,MiniOcean,,,75.6,-77.8,-5.42,48664,32.3,8.02,208,-0.28,-2.83
1/2/25,10:57:51PM,MiniOcean,,,75.6,-105.4,-7.34,48667,32.3,8.02,208.9,-0.42,-3.24
1/2/25,11:12:51PM,MiniOcean,,,75.6,-64.4,-4.49,48652,32.3,8.02,206.6,-0.35,-3.01
1/2/25,11:27:51PM,MiniOcean,,,75.6,-122.1,-8.51,48666,32.31,8.02,206.6,-0.23,14.19
1/2/25,11:42:51PM,MiniOcean,,,75.6,-122.1,-8.51,48650,32.3,8.01,205.3,-0.27,-3.29
1/2/25,11:57:51PM,MiniOcean,,,75.6,-108.4,-7.55,48657,32.31,8.02,210.1,-0.19,-3.37
1/3/25,00:12:51AM,MiniOcean,,,75.6,-120.2,-8.38,48649,32.31,8.01,211.4,-0.35,-3.15
1/3/25,00:27:51AM,MiniOcean,,,75.6,-105.4,-7.35,48644,32.3,8.01,211.4,-0.33,-2.88
1/3/25,00:42:51AM,MiniOcean,,,75.6,-93.6,-6.52,48633,32.3,8.01,213.7,-0.35,-3.09
1/3/25,00:57:51AM,MiniOcean,,,75.6,-115.7,-8.06,48642,32.3,8,215.8,-0.36,-3.33
1/3/25,01:12:51AM,MiniOcean,,,75.6,-115.7,-8.06,48629,32.3,8.01,214.2,-0.36,-2.89
1/3/25,01:27:51AM,MiniOcean,,,75.6,-132.9,-9.27,48630,32.3,8.01,215,-0.39,-3.42
1/3/25,01:42:50AM,MiniOcean,,,75.6,-189.5,-13.22,48628,32.3,8.01,216.9,-0.23,-3.04
1/3/25,01:57:50AM,MiniOcean,,,75.6,-128.4,-8.95,48632,32.3,8.01,215.2,-0.35,-3.24
1/3/25,02:12:50AM,MiniOcean,,,75.5,-170.2,-11.87,48618,32.3,8,214.7,-0.36,-3.37
1/3/25,02:27:50AM,MiniOcean,,,75.5,-119.1,-8.31,48627,32.31,8,210.8,-0.41,-3.39
1/3/25,02:42:50AM,MiniOcean,,,75.5,-147.1,-10.26,48620,32.31,8,208.4,-0.39,-3.14
1/3/25,02:57:50AM,MiniOcean,,,75.5,-168.8,-11.77,48618,32.3,8,212.5,-0.39,0.49
1/3/25,03:12:50AM,MiniOcean,,,75.5,-95.8,-6.68,48610,32.3,8.01,210.8,-0.33,-3.22
1/3/25,03:27:50AM,MiniOcean,,,75.5,-107.7,-7.51,48621,32.3,8,214.1,-0.34,-3
1/3/25,03:42:50AM,MiniOcean,,,75.5,-130.2,-9.08,48619,32.31,8,215.1,-0.31,-3.22
1/3/25,03:57:50AM,MiniOcean,,,75.3,-108.1,-7.55,48525,32.31,8,216.1,-0.35,-3.33
1/3/25,04:12:50AM,MiniOcean,,,75.2,-121.3,-8.49,48448,32.31,8,217.3,-0.35,-2.91
1/3/25,04:27:50AM,MiniOcean,,,75.1,-118.9,-8.33,48373,32.31,8,219,-0.34,-3.1
1/3/25,04:42:50AM,MiniOcean,,,74.9,-118.2,-8.29,48311,32.32,8,216.7,-0.32,-3.2
1/3/25,04:57:50AM,MiniOcean,,,74.8,-130.1,-9.14,48257,32.32,8,216.9,-0.32,-2.97
1/3/25,05:12:50AM,MiniOcean,,,74.7,-145.2,-10.21,48210,32.33,8,204.7,-0.33,-3.21
1/3/25,05:27:50AM,MiniOcean,,,74.6,-147.5,-10.38,48142,32.32,8,210,-0.29,-2.66
1/3/25,05:42:50AM,MiniOcean,,,74.5,-160.7,-11.31,48113,32.32,8,206.5,-0.28,-2.96
1/3/25,05:57:50AM,MiniOcean,,,74.5,-175.5,-12.37,48072,32.33,8,213.1,-0.2,-1.79
1/3/25,06:12:50AM,MiniOcean,,,74.4,-152.6,-10.76,48042,32.33,8,214.2,-0.33,-2.93
1/3/25,06:27:49AM,MiniOcean,,,74.4,-89.2,-6.29,48042,32.32,8.01,213,-0.35,-3.01
1/3/25,06:42:49AM,MiniOcean,,,74.5,-61.6,-4.34,48096,32.33,8.01,214.8,-0.31,-2.76
1/3/25,06:57:49AM,MiniOcean,,,74.4,-35,-2.47,48045,32.33,8.01,216.8,-0.33,-2.97
1/3/25,07:12:49AM,MiniOcean,,,74.4,-3.8,-0.26,48036,32.33,8.01,220,-0.24,-2.54
1/3/25,07:27:49AM,MiniOcean,,,74.4,39.9,2.82,48026,32.34,8.02,222.2,0.56,5.48
1/3/25,07:42:49AM,MiniOcean,,,74.4,64.5,4.55,48041,32.32,8.02,226.2,-0.23,-2.61
1/3/25,07:57:49AM,MiniOcean,,,74.5,130.5,9.2,48074,32.33,8.02,228.6,-0.31,-2.89
1/3/25,08:12:49AM,MiniOcean,,,74.5,161.8,11.39,48103,32.32,8.03,229.2,-0.3,-2.77
1/3/25,08:27:49AM,MiniOcean,,,74.6,219.5,15.45,48137,32.33,8.03,230.4,-0.23,-2.87
1/3/25,08:42:49AM,MiniOcean,,,74.6,304.2,21.4,48150,32.33,8.04,228.3,-0.3,-2.25
1/3/25,08:57:49AM,MiniOcean,,,74.7,394.9,27.76,48185,32.33,8.05,216,-0.29,-3.06
1/3/25,09:12:49AM,MiniOcean,,,74.8,508.9,35.75,48244,32.33,8.07,219.6,-0.31,-2.97
1/3/25,09:27:49AM,MiniOcean,,,74.9,695.6,48.79,48330,32.33,8.08,221.7,-0.32,-1.56
1/3/25,09:42:49AM,MiniOcean,,,75.1,775.9,54.34,48413,32.33,8.1,224.6,-0.34,-2.93
1/3/25,09:57:49AM,MiniOcean,,,75.3,882.9,61.72,48508,32.33,8.11,224.8,-0.29,-2.9
1/3/25,10:12:49AM,MiniOcean,,,75.4,972.7,67.89,48599,32.33,8.13,226.1,-0.35,-3.28
1/3/25,10:27:49AM,MiniOcean,,,75.6,1080.2,75.29,48704,32.35,8.15,227.9,-0.31,-3.06
1/3/25,10:42:49AM,MiniOcean,,,75.7,1206.6,84.01,48749,32.34,8.16,229.2,-0.3,-2.79
1/3/25,10:57:49AM,MiniOcean,,,75.8,1292.2,89.88,48802,32.34,8.17,228.7,-0.36,-3.19
1/3/25,11:12:49AM,MiniOcean,,,75.9,1382.2,96.08,48831,32.33,8.19,229.3,-0.37,-3.23
1/3/25,11:27:48AM,MiniOcean,,,75.9,1479.4,102.76,48875,32.33,8.2,228.9,-0.38,-3.24
1/3/25,11:42:48AM,MiniOcean,,,76,1539.9,106.94,48899,32.35,8.21,229.9,-0.21,-3.27
1/3/25,11:57:48AM,MiniOcean,,,76,1575.9,109.41,48896,32.33,8.22,229.5,-0.39,-3.08
1/3/25,12:12:48PM,MiniOcean,,,76,1603.2,111.33,48890,32.33,8.23,229.6,-0.34,-3.05
1/3/25,12:27:48PM,MiniOcean,,,76,1607.4,111.59,48899,32.33,8.23,229.7,-0.37,-3.07
1/3/25,12:42:48PM,MiniOcean,,,76,1639.5,113.86,48887,32.33,8.23,229.9,-0.34,-3.16
1/3/25,12:57:48PM,MiniOcean,,,75.9,1631.9,113.35,48874,32.33,8.24,229.6,-0.35,-3.28
1/3/25,01:12:48PM,MiniOcean,,,75.9,1590.2,110.46,48864,32.33,8.24,229.7,-0.35,-3.32
1/3/25,01:27:48PM,MiniOcean,,,75.9,1580,109.76,48861,32.33,8.24,230.7,-0.33,-3.09
1/3/25,01:42:48PM,MiniOcean,,,75.9,1547.6,107.5,48856,32.32,8.24,230.5,-0.36,-3.19
1/3/25,01:57:48PM,MiniOcean,,,75.9,1516.6,105.4,48837,32.32,8.24,231,-0.28,-3.15
1/3/25,02:12:48PM,MiniOcean,,,75.9,1489.3,103.51,48827,32.32,8.23,231.2,-0.33,-2.68
1/3/25,02:27:48PM,MiniOcean,,,75.9,1442.4,100.24,48827,32.31,8.23,232.8,-0.36,-3.16
1/3/25,02:42:48PM,MiniOcean,,,75.9,1350.8,93.88,48823,32.32,8.22,232.2,-0.34,-3.17
1/3/25,02:57:48PM,MiniOcean,,,75.8,1281.5,89.15,48769,32.31,8.21,233.5,-0.34,-3.12
1/3/25,03:12:48PM,MiniOcean,,,75.7,1203.5,83.8,48716,32.31,8.2,234.7,-0.35,-3.25
1/3/25,03:27:48PM,MiniOcean,,,75.6,1117.5,77.88,48661,32.31,8.19,235.8,-0.35,-3.16
1/3/25,03:42:48PM,MiniOcean,,,75.5,1102.8,76.92,48625,32.31,8.18,236.3,-0.35,-2.91
1/3/25,04:15:23PM,MiniOcean,,,75.3,805,56.25,48483,32.28,8.16,202.4,2.3,3.97
1/3/25,04:30:23PM,MiniOcean,,,75.5,835.5,58.3,48614,32.33,8.15,218.4,0.67,-0.83
1/3/25,04:45:23PM,MiniOcean,,,75.5,780.6,54.47,48618,32.33,8.14,225.4,0.63,-1.18
1/3/25,05:00:23PM,MiniOcean,,,75.5,720.3,50.25,48622,32.32,8.13,229.2,0.69,-1.09
1/3/25,05:15:23PM,MiniOcean,,,75.7,675,47.01,48698,32.31,8.12,231.6,0.71,-0.93
1/3/25,05:30:23PM,MiniOcean,,,75.8,627.9,43.66,48788,32.3,8.11,233,0.63,-1.3
1/3/25,05:45:23PM,MiniOcean,,,76,583.6,40.53,48857,32.3,8.1,233.4,0.73,-1.19
1/3/25,06:00:23PM,MiniOcean,,,76,552.2,38.34,48889,32.32,8.1,234.9,0.64,-1.15
1/3/25,06:15:23PM,MiniOcean,,,76,464.5,32.25,48890,32.31,8.09,235.5,0.63,-1.21
1/3/25,06:30:23PM,MiniOcean,,,76,386.5,26.83,48897,32.31,8.08,235.9,0.79,-0.64
1/3/25,06:45:23PM,MiniOcean,,,76.1,295.8,20.53,48911,32.32,8.07,236.2,0.62,-1.14
1/3/25,07:00:23PM,MiniOcean,,,76,223.4,15.51,48900,32.31,8.06,236,0.69,-1.03
1/3/25,07:15:22PM,MiniOcean,,,76,181,12.57,48898,32.31,8.06,235.8,1.08,-0.21
1/3/25,07:30:22PM,MiniOcean,,,76,148.2,10.29,48850,32.29,8.05,235.6,0.62,-0.68
1/3/25,07:45:22PM,MiniOcean,,,76,104.4,7.25,48845,32.29,8.05,235.4,0.68,-1.21
1/3/25,08:00:22PM,MiniOcean,,,76,76.8,5.33,48857,32.31,8.04,235.5,0.62,-0.9
1/3/25,08:15:22PM,MiniOcean,,,76,64.1,4.45,48862,32.3,8.04,235.5,0.7,-1.07
1/3/25,08:30:22PM,MiniOcean,,,76,48.7,3.38,48852,32.31,8.04,235.6,0.66,-1.25
1/3/25,08:45:22PM,MiniOcean,,,75.9,13.8,0.96,48837,32.31,8.03,235.8,0.68,-1.12
1/3/25,09:00:22PM,MiniOcean,,,75.9,-16.2,-1.13,48824,32.31,8.03,235.8,0.75,-1.11
1/3/25,09:15:22PM,MiniOcean,,,75.9,-0.5,-0.04,48823,32.31,8.03,236.1,1.34,0.25
1/3/25,09:30:22PM,MiniOcean,,,75.9,-33.3,-2.32,48798,32.3,8.03,235.7,0.65,-1.41
1/3/25,09:45:22PM,MiniOcean,,,75.9,-13.8,-0.96,48806,32.31,8.03,236,1.17,0.19
1/3/25,10:00:22PM,MiniOcean,,,75.9,-35.2,-2.45,48786,32.3,8.03,236.2,0.83,-1.05
1/3/25,10:15:22PM,MiniOcean,,,75.9,-21.9,-1.52,48789,32.3,8.03,236.5,0.63,-0.81
1/3/25,10:30:22PM,MiniOcean,,,75.8,-62.7,-4.36,48762,32.31,8.02,236.5,0.59,-1.55
1/3/25,10:45:22PM,MiniOcean,,,75.8,-43.4,-3.02,48760,32.31,8.02,236.8,0.68,-1.22
1/3/25,11:00:22PM,MiniOcean,,,75.8,-64.3,-4.48,48754,32.31,8.02,235.9,0.63,-1.54
1/3/25,11:15:22PM,MiniOcean,,,75.8,-41.9,-2.92,48750,32.31,8.02,236.2,0.74,-1.07
1/3/25,11:30:22PM,MiniOcean,,,75.8,-37.9,-2.64,48746,32.31,8.02,236.9,0.77,-0.43
1/3/25,11:45:22PM,MiniOcean,,,75.8,-44,-3.06,48746,32.31,8.02,237.3,0.73,-1.56
1/4/25,00:00:22AM,MiniOcean,,,75.7,-56.3,-3.92,48721,32.3,8.02,237.8,0.84,-1.44
1/4/25,00:15:21AM,MiniOcean,,,75.7,-66.6,-4.63,48715,32.3,8.02,237.8,0.7,-1.3
1/4/25,00:30:21AM,MiniOcean,,,75.7,-67.5,-4.7,48714,32.3,8.02,238.1,0.54,-1.77
1/4/25,00:45:21AM,MiniOcean,,,75.7,-59.5,-4.14,48710,32.31,8.02,238,0.7,-1.34
1/4/25,01:00:21AM,MiniOcean,,,75.7,-56.4,-3.93,48703,32.3,8.02,238.1,0.63,5.17
1/4/25,01:15:21AM,MiniOcean,,,75.7,-55.3,-3.85,48684,32.3,8.01,238.3,0.66,-1.7
1/4/25,01:30:21AM,MiniOcean,,,75.7,-61.5,-4.28,48690,32.3,8.01,238,0.98,-1.55
1/4/25,01:45:21AM,MiniOcean,,,75.7,-71.4,-4.98,48685,32.3,8.01,238,1.14,-0.05
1/4/25,02:00:21AM,MiniOcean,,,75.7,-66.3,-4.62,48679,32.3,8.01,237.5,0.67,-1.79
1/4/25,02:15:21AM,MiniOcean,,,75.7,-71.8,-5,48687,32.3,8.01,237.2,0.72,-0.66
1/4/25,02:30:21AM,MiniOcean,,,75.7,-75.3,-5.25,48676,32.29,8.01,237.6,0.63,-1.55
1/4/25,02:45:21AM,MiniOcean,,,75.7,-87.9,-6.13,48666,32.29,8.01,238.1,0.73,-0.12
1/4/25,03:00:21AM,MiniOcean,,,75.6,-99.4,-6.93,48661,32.29,8.01,238,0.64,-1.72
1/4/25,03:15:21AM,MiniOcean,,,75.7,-86.3,-6.01,48671,32.29,8.01,236.8,0.78,-1.37
1/4/25,03:30:21AM,MiniOcean,,,75.6,-89,-6.2,48646,32.29,8.01,236.4,0.67,-1.46
1/4/25,03:45:21AM,MiniOcean,,,75.6,-89.7,-6.25,48643,32.28,8.01,236.9,0.93,-0.13
1/4/25,04:00:21AM,MiniOcean,,,75.6,-92.8,-6.47,48633,32.29,8.01,237.7,0.75,3.52
1/4/25,04:15:21AM,MiniOcean,,,75.6,-96.4,-6.72,48647,32.3,8,237.9,0.65,-1.8
1/4/25,04:30:21AM,MiniOcean,,,75.6,-110.8,-7.72,48643,32.3,8,237.7,0.69,-1.53
1/4/25,04:45:21AM,MiniOcean,,,75.7,-289,-20.13,48649,32.26,8,186,0.71,-1.39
1/4/25,05:00:20AM,MiniOcean,,,75.7,-46.8,-3.26,48683,32.27,8.01,210.6,0.69,-1.69
1/4/25,05:15:20AM,MiniOcean,,,75.6,151.5,10.56,48638,32.3,8.01,218.9,0.71,-1.76
1/4/25,05:30:20AM,MiniOcean,,,75.4,194.7,13.59,48558,32.3,8.01,224,0.71,-1.12
1/4/25,05:45:20AM,MiniOcean,,,75.3,279.3,19.52,48500,32.31,8.01,227.7,0.78,-1.56
1/4/25,06:00:20AM,MiniOcean,,,75.2,280.5,19.62,48454,32.31,8.02,228.8,1.83,1.22
1/4/25,06:15:20AM,MiniOcean,,,75.2,277.5,19.43,48419,32.31,8.02,231.5,1.32,2.44
1/4/25,06:30:20AM,MiniOcean,,,75.1,218.4,15.3,48384,32.31,8.02,232.6,0.74,-0.88
1/4/25,06:45:20AM,MiniOcean,,,75,207.7,14.56,48351,32.31,8.02,234.9,2.76,9.95
1/4/25,07:00:20AM,MiniOcean,,,75,221.7,15.54,48329,32.31,8.02,236.6,1.34,5.17
1/4/25,07:15:20AM,MiniOcean,,,74.9,226.1,15.86,48303,32.31,8.02,238,1.45,13.05
1/4/25,07:30:20AM,MiniOcean,,,74.9,235.4,16.51,48291,32.3,8.02,239.1,1.11,-1.09
1/4/25,07:45:20AM,MiniOcean,,,74.9,265.6,18.64,48269,32.31,8.03,240,1.74,1.48
1/4/25,08:00:20AM,MiniOcean,,,74.8,266.7,18.72,48251,32.31,8.03,240.5,0.92,-0.69
1/4/25,08:15:20AM,MiniOcean,,,74.8,398.4,27.97,48253,32.31,8.03,241.2,1.22,1.59
1/4/25,08:30:20AM,MiniOcean,,,74.9,546.4,38.35,48269,32.31,8.04,242.2,0.98,-0.35
1/4/25,08:45:20AM,MiniOcean,,,74.9,703,49.31,48303,32.32,8.06,243.1,0.8,-0.94
1/4/25,09:00:20AM,MiniOcean,,,75,747.3,52.38,48348,32.31,8.08,242.6,0.85,-0.66
1/4/25,09:15:20AM,MiniOcean,,,75.2,856.3,59.93,48428,32.31,8.09,243.1,0.87,-0.2
1/4/25,09:30:20AM,MiniOcean,,,75.3,941.4,65.81,48497,32.31,8.11,243.8,0.87,-0.49
1/4/25,09:45:20AM,MiniOcean,,,75.5,979.7,68.37,48588,32.31,8.13,244.4,0.84,-0.75
1/4/25,10:00:19AM,MiniOcean,,,75.6,1059.7,73.86,48674,32.32,8.14,243.7,0.82,-0.65
1/4/25,10:15:19AM,MiniOcean,,,75.8,1157.6,80.53,48756,32.31,8.16,243.7,0.95,-0.17
1/4/25,10:30:19AM,MiniOcean,,,75.9,1243.1,86.4,48832,32.33,8.17,243.5,0.95,0.18
1/4/25,10:45:19AM,MiniOcean,,,76.1,1328.5,92.19,48902,32.31,8.19,242.8,1.2,-0.21
1/4/25,11:00:19AM,MiniOcean,,,76.2,1422.6,98.63,48953,32.3,8.2,243.1,1.08,-0.24
1/4/25,11:15:19AM,MiniOcean,,,76.2,1492,103.36,49000,32.31,8.22,242.9,2.84,5.12
1/4/25,11:30:19AM,MiniOcean,,,76.3,1527.8,105.76,49051,32.32,8.21,242.5,1.03,0.2
1/4/25,11:45:19AM,MiniOcean,,,76.3,1540.1,106.58,49072,32.32,8.23,242.3,1.1,0.33
1/4/25,12:00:19PM,MiniOcean,,,76.3,1565.6,108.34,49074,32.32,8.24,242.1,1.11,0.93
1/4/25,12:15:19PM,MiniOcean,,,76.3,1601.3,110.86,49062,32.33,8.24,242.6,1.23,1.42
1/4/25,12:30:19PM,MiniOcean,,,76.3,1612.4,111.66,49045,32.33,8.25,243.4,3.31,4.66
1/4/25,12:45:19PM,MiniOcean,,,76.2,1599.7,110.86,48993,32.33,8.25,243.2,1.88,1.41
1/4/25,01:00:19PM,MiniOcean,,,76.1,1589,110.18,48954,32.32,8.26,243.5,2.27,2.03
1/4/25,01:15:19PM,MiniOcean,,,76.1,1560.7,108.29,48922,32.32,8.25,244.3,2.01,2.29
1/4/25,01:30:19PM,MiniOcean,,,76,1514.1,105.14,48871,32.31,8.25,245.4,2.04,2.59
1/4/25,01:45:19PM,MiniOcean,,,75.9,1464.4,101.77,48821,32.31,8.25,244.3,2.15,5.45
1/4/25,02:00:19PM,MiniOcean,,,75.8,1427.4,99.26,48779,32.3,8.24,243.8,2.15,5.5
1/4/25,02:15:19PM,MiniOcean,,,75.8,1382,96.13,48750,32.29,8.24,244.7,2.1,4.67
1/4/25,02:30:19PM,MiniOcean,,,75.8,1323.6,92.08,48718,32.26,8.23,246.1,2.11,6.91
1/4/25,02:45:19PM,MiniOcean,,,75.8,1250.9,87.07,48686,32.26,8.22,246.9,2.05,4.48
1/4/25,03:00:18PM,MiniOcean,,,75.7,1183.7,82.43,48657,32.26,8.2,247.2,2.21,5.37
1/4/25,03:15:18PM,MiniOcean,,,75.6,1107.1,77.15,48619,32.26,8.19,245.4,2.11,5.41
1/4/25,03:30:18PM,MiniOcean,,,75.6,1034,72.09,48584,32.25,8.18,246.7,2.12,3.96
1/4/25,03:45:18PM,MiniOcean,,,75.6,945.3,65.93,48566,32.25,8.17,247.5,2.77,5.21
1/4/25,04:00:18PM,MiniOcean,,,75.5,888.4,61.97,48547,32.25,8.15,248.2,2.22,4.63
1/4/25,04:15:18PM,MiniOcean,,,75.5,837,58.41,48538,32.26,8.15,248.8,2.06,4.39
1/4/25,04:30:18PM,MiniOcean,,,75.5,818.7,57.13,48531,32.26,8.14,249.3,2.19,4.84
1/4/25,04:45:18PM,MiniOcean,,,75.5,757.7,52.87,48536,32.25,8.13,250,2.06,3.84
1/4/25,05:00:18PM,MiniOcean,,,75.5,704.7,49.17,48538,32.25,8.12,250.1,2.03,3.87
1/4/25,05:15:18PM,MiniOcean,,,75.7,650.6,45.34,48599,32.24,8.11,250.5,2.01,3.34
1/4/25,05:30:18PM,MiniOcean,,,75.8,615.8,42.86,48670,32.25,8.1,250.6,1.97,2.22
1/4/25,05:45:18PM,MiniOcean,,,75.9,573.4,39.87,48719,32.24,8.1,250.2,1.72,1.15
1/4/25,06:00:18PM,MiniOcean,,,75.9,533.8,37.1,48755,32.24,8.09,249.1,1.77,1.41
1/4/25,06:15:18PM,MiniOcean,,,76,499.6,34.7,48780,32.25,8.08,248.3,2.05,4.63
1/4/25,06:30:18PM,MiniOcean,,,76,464.3,32.25,48797,32.26,8.08,248.9,1.61,0.91
1/4/25,06:45:18PM,MiniOcean,,,75.9,417.3,29,48781,32.27,8.07,247.9,2.59,4.8
1/4/25,07:00:18PM,MiniOcean,,,75.9,337.7,23.48,48752,32.27,8.07,248.5,1.34,2.59
1/4/25,07:15:18PM,MiniOcean,,,75.8,245.9,17.1,48721,32.26,8.06,248.6,1.19,4.15
1/4/25,07:30:18PM,MiniOcean,,,75.8,185,12.87,48710,32.26,8.05,248.5,1.31,2.1
1/4/25,07:45:18PM,MiniOcean,,,75.7,133.7,9.31,48656,32.26,8.05,248.1,1.51,6.3
1/4/25,08:00:17PM,MiniOcean,,,75.7,101,7.04,48635,32.26,8.04,248.1,1.25,2.12
1/4/25,08:15:17PM,MiniOcean,,,75.6,44.9,3.13,48631,32.27,8.04,247.2,1.11,0.66
1/4/25,08:30:17PM,MiniOcean,,,75.6,-15,-1.05,48602,32.26,8.03,246.9,1.07,4.33
1/4/25,08:45:17PM,MiniOcean,,,75.6,-33.6,-2.34,48622,32.28,8.04,247.7,1.03,1.61
1/4/25,09:00:17PM,MiniOcean,,,75.6,-42.9,-2.99,48588,32.28,8.03,247.9,0.83,0.06
1/4/25,09:15:17PM,MiniOcean,,,75.5,-45.6,-3.18,48592,32.28,8.03,248.1,0.86,0.23
1/4/25,09:30:17PM,MiniOcean,,,75.6,-99.5,-6.94,48580,32.26,8.03,248.5,1.19,1.49
1/4/25,09:45:17PM,MiniOcean,,,75.5,-158.8,-11.08,48576,32.29,8.03,248.7,0.99,0.59
1/4/25,10:00:17PM,MiniOcean,,,75.5,-135.3,-9.45,48553,32.28,8.02,248.2,0.97,-0.22
1/4/25,10:15:17PM,MiniOcean,,,75.4,-115.6,-8.07,48540,32.28,8.03,248.1,0.93,0.14
1/4/25,10:30:17PM,MiniOcean,,,75.4,-168.1,-11.74,48533,32.29,8.02,248.3,0.98,4.89
1/4/25,10:45:17PM,MiniOcean,,,75.4,-115.7,-8.08,48512,32.28,8.02,248.4,0.68,-0.1
1/4/25,11:00:17PM,MiniOcean,,,75.4,-120.2,-8.39,48522,32.29,8.02,248.7,0.93,1.66
1/4/25,11:15:17PM,MiniOcean,,,75.4,-131.4,-9.18,48497,32.28,8.02,249.1,0.82,-0.44
1/4/25,11:30:17PM,MiniOcean,,,75.4,-148.2,-10.36,48490,32.28,8.02,249.2,0.78,-0.16
1/4/25,11:45:17PM,MiniOcean,,,75.3,-101.7,-7.11,48479,32.28,8.02,249.5,0.74,-1.5
1/5/25,00:00:17AM,MiniOcean,,,75.3,-113.1,-7.91,48480,32.29,8.02,247.8,0.73,-0.69
1/5/25,00:15:17AM,MiniOcean,,,75.3,-96.2,-6.72,48466,32.29,8.02,248.5,0.77,-1.21
1/5/25,00:30:17AM,MiniOcean,,,75.3,-141.2,-9.87,48468,32.28,8.02,249,0.58,-0.94
1/5/25,00:45:16AM,MiniOcean,,,75.3,-81.3,-5.69,48451,32.28,8.02,249.3,0.81,-1.24
1/5/25,01:00:16AM,MiniOcean,,,75.3,-130.1,-9.1,48441,32.28,8.01,249.2,0.82,-1.05
1/5/25,01:15:16AM,MiniOcean,,,75.3,-154.9,-10.84,48445,32.29,8.01,249.7,0.84,-1.14
1/5/25,01:30:16AM,MiniOcean,,,75.3,-101,-7.07,48443,32.28,8.01,250.3,0.97,-0.54
1/5/25,01:45:16AM,MiniOcean,,,75.2,-118.7,-8.31,48437,32.29,8.01,250.5,0.7,-1.8
1/5/25,02:00:16AM,MiniOcean,,,75.2,-125.7,-8.8,48421,32.29,7.99,250.8,0.65,-1.73
1/5/25,02:15:16AM,MiniOcean,,,75.2,-128.9,-9.02,48431,32.29,8.01,250.6,0.76,-0.78
1/5/25,02:30:16AM,MiniOcean,,,75.2,-149.9,-10.48,48412,32.28,8.01,250.4,0.71,-1.6
1/5/25,02:45:16AM,MiniOcean,,,75.2,-152.7,-10.68,48420,32.28,8.01,250.4,0.84,-1.12
1/5/25,03:00:16AM,MiniOcean,,,75.2,-127.4,-8.92,48412,32.29,8.01,250.6,0.6,-2
1/5/25,03:15:16AM,MiniOcean,,,75.2,-134.7,-9.42,48409,32.29,8.01,251,0.69,-1.86
1/5/25,03:30:16AM,MiniOcean,,,75.2,-123.6,-8.65,48412,32.29,8.01,250.9,0.85,-1.06
1/5/25,03:45:16AM,MiniOcean,,,75.2,-164.8,-11.53,48405,32.29,8,250.9,0.75,-1.76
1/5/25,04:00:16AM,MiniOcean,,,75.2,-127.5,-8.92,48404,32.29,8,251.3,0.68,-1.49
1/5/25,04:15:16AM,MiniOcean,,,75.2,-142.2,-9.95,48390,32.29,8,251.6,0.67,-1.03
1/5/25,04:30:16AM,MiniOcean,,,75.1,-133.7,-9.36,48380,32.28,8.01,251.7,0.96,0.03
1/5/25,04:45:16AM,MiniOcean,,,75.1,-135.9,-9.52,48379,32.29,8,251.8,0.7,-0.44
1/5/25,05:00:16AM,MiniOcean,,,75.1,-138.6,-9.7,48399,32.3,8,252.4,0.81,-1.55
1/5/25,05:15:16AM,MiniOcean,,,75,-213.9,-15,48295,32.28,8,252.2,0.95,-0.99
1/5/25,05:30:16AM,MiniOcean,,,74.8,-279.6,-19.64,48192,32.29,8,251.9,0.75,-1.63
1/5/25,05:45:15AM,MiniOcean,,,74.6,-363.3,-25.57,48101,32.3,8,252.5,1.04,-0.43
1/5/25,06:00:15AM,MiniOcean,,,74.5,-113.3,-7.98,48066,32.29,8,247.8,0.77,-1.83
1/5/25,06:15:15AM,MiniOcean,,,74.5,-53.8,-3.79,48066,32.29,8.01,247.8,0.77,-1.59
1/5/25,06:30:15AM,MiniOcean,,,74.5,-15.9,-1.12,48053,32.3,8.01,248.8,0.72,-1.74
1/5/25,06:45:15AM,MiniOcean,,,74.5,19.9,1.4,48044,32.3,8.01,249.9,0.97,-0.33
1/5/25,07:00:15AM,MiniOcean,,,74.5,52.4,3.69,48032,32.3,8.02,251.6,0.84,-1.36
1/5/25,07:15:15AM,MiniOcean,,,74.4,82.4,5.81,48018,32.3,8.02,252.9,0.87,-1.51
1/5/25,07:30:15AM,MiniOcean,,,74.4,107.9,7.61,48016,32.3,8.02,252.7,0.87,-1.81
1/5/25,07:45:15AM,MiniOcean,,,74.4,124.8,8.8,48006,32.3,8.02,253.4,1.18,3.58
1/5/25,08:00:15AM,MiniOcean,,,74.4,158.8,11.2,48000,32.3,8.02,253.7,3.47,10.38
1/5/25,08:15:15AM,MiniOcean,,,74.4,218.7,15.42,48015,32.31,8.03,252.6,0.95,-1.16
1/5/25,08:30:15AM,MiniOcean,,,74.4,309.2,21.79,48027,32.31,8.04,252.6,1.08,-1.17
1/5/25,08:45:15AM,MiniOcean,,,74.5,413.2,29.12,48056,32.31,8.05,253.3,1.01,-1.05
1/5/25,09:00:15AM,MiniOcean,,,74.6,520.9,36.67,48101,32.31,8.07,253.4,1,-1.27
1/5/25,09:15:15AM,MiniOcean,,,74.7,641.1,45.08,48160,32.31,8.08,253.8,1.06,-1.19
1/5/25,09:30:15AM,MiniOcean,,,74.8,773.4,54.3,48245,32.3,8.1,253.6,1.01,-1.48
1/5/25,09:45:15AM,MiniOcean,,,75,892.3,62.54,48332,32.3,8.12,253.6,1.08,-1.33
1/5/25,10:00:15AM,MiniOcean,,,75.2,1006.9,70.45,48439,32.3,8.13,252.9,1.04,-1.15
1/5/25,10:15:15AM,MiniOcean,,,75.4,1109,77.44,48544,32.3,8.15,252.7,1.19,-0.2
1/5/25,10:30:14AM,MiniOcean,,,75.6,1201.8,83.76,48651,32.3,8.17,252.6,1.31,0.09
1/5/25,10:45:14AM,MiniOcean,,,75.8,1285.6,89.45,48747,32.3,8.18,251.6,1.33,0
1/5/25,11:00:14AM,MiniOcean,,,75.9,1362.3,94.65,48830,32.3,8.19,251.4,1.25,0.01
1/5/25,11:15:14AM,MiniOcean,,,76.1,1448.7,100.5,48914,32.3,8.21,250.9,1.32,0.83
1/5/25,11:30:14AM,MiniOcean,,,76.2,1506.4,104.42,48964,32.3,8.22,249.7,1.4,1.74
1/5/25,11:45:14AM,MiniOcean,,,76.2,1520.5,105.35,48989,32.3,8.22,249.6,1.45,2.65
1/5/25,12:00:14PM,MiniOcean,,,76.2,1529,105.92,48999,32.3,8.23,249,1.56,4.06
1/5/25,12:15:14PM,MiniOcean,,,76.3,1574.2,109.01,49003,32.29,8.24,248.7,1.54,3.77
1/5/25,12:30:14PM,MiniOcean,,,76.3,1600.2,110.82,48997,32.28,8.24,250.1,1.56,1.97
1/5/25,12:45:14PM,MiniOcean,,,76.2,1598,110.72,48964,32.28,8.25,248.4,1.47,1.97
1/5/25,01:00:14PM,MiniOcean,,,76.2,1598,110.8,48924,32.28,8.25,248.2,1.67,4.06
1/5/25,01:15:14PM,MiniOcean,,,76.1,1570.7,108.97,48879,32.27,8.25,248.8,1.72,3.95
1/5/25,01:30:14PM,MiniOcean,,,76,1528.9,106.16,48832,32.27,8.25,249.9,2.03,5.02
1/5/25,01:45:14PM,MiniOcean,,,76,1497.8,104.06,48785,32.26,8.24,251.1,1.98,3.68
1/5/25,02:00:14PM,MiniOcean,,,75.9,1446.1,100.56,48739,32.26,8.24,252.4,2.73,4.87
1/5/25,02:15:14PM,MiniOcean,,,75.8,1402.8,97.6,48706,32.26,8.23,253.4,2.27,4.16
1/5/25,02:30:14PM,MiniOcean,,,75.7,1350.8,94.04,48665,32.25,8.22,254.4,2.98,5.32
1/5/25,02:45:14PM,MiniOcean,,,75.7,1292.6,90.05,48622,32.25,8.22,255.1,3.18,4.73
1/5/25,03:00:14PM,MiniOcean,,,75.6,1229.9,85.74,48582,32.25,8.21,255.6,2.82,5.8
1/5/25,03:15:14PM,MiniOcean,,,75.5,1145.2,79.9,48537,32.24,8.19,256,2.59,4.39
1/5/25,03:30:13PM,MiniOcean,,,75.5,1061.4,74.07,48530,32.25,8.18,255.8,2.16,3.95
1/5/25,03:45:13PM,MiniOcean,,,75.5,978.7,68.31,48505,32.24,8.17,255.4,2.08,3.87
1/5/25,04:00:13PM,MiniOcean,,,75.5,913.2,63.74,48498,32.23,8.16,255.4,2.29,3.88
1/5/25,04:15:13PM,MiniOcean,,,75.5,857.6,59.87,48495,32.23,8.15,295.7,2.39,3.42
1/5/25,04:30:13PM,MiniOcean,,,75.5,820.1,57.24,48508,32.24,8.14,287.9,2.68,5.16
1/5/25,04:45:13PM,MiniOcean,,,75.5,783.6,54.68,48522,32.24,8.13,274,2.37,2.75
1/5/25,05:00:13PM,MiniOcean,,,75.5,748.8,52.24,48541,32.24,8.12,268.1,2.61,2.65
1/5/25,05:15:13PM,MiniOcean,,,75.7,714.3,49.77,48590,32.23,8.12,265.2,1.94,2.15
1/5/25,05:30:13PM,MiniOcean,,,75.8,685.2,47.69,48662,32.23,8.11,262.9,1.62,1.94
1/5/25,05:45:13PM,MiniOcean,,,75.9,649.8,45.18,48722,32.23,8.1,261.1,1.56,2.75
1/5/25,06:00:13PM,MiniOcean,,,75.9,604.2,41.99,48744,32.23,8.1,260,1.43,1.11
1/5/25,06:15:13PM,MiniOcean,,,76,541.9,37.66,48754,32.24,8.09,260.2,1.3,0.36
1/5/25,06:30:13PM,MiniOcean,,,75.9,471.1,32.74,48753,32.24,8.08,260.2,1.2,-0.03
1/5/25,06:45:13PM,MiniOcean,,,75.9,389.1,27.05,48737,32.24,8.07,259.4,0.92,-0.44
1/5/25,07:00:13PM,MiniOcean,,,75.9,294.4,20.47,48732,32.25,8.06,258.7,0.86,0.04
1/5/25,07:15:13PM,MiniOcean,,,75.9,233,16.21,48711,32.24,8.06,258,1,0.31
1/5/25,07:30:13PM,MiniOcean,,,75.8,201,13.99,48706,32.26,8.05,257.5,1.09,0.91
1/5/25,07:45:13PM,MiniOcean,,,75.8,73.8,5.14,48680,32.25,8.05,257.4,1.14,0.81
1/5/25,08:00:13PM,MiniOcean,,,75.7,87.9,6.12,48665,32.26,8.04,257.1,0.86,0.33
1/5/25,08:15:13PM,MiniOcean,,,75.7,55.5,3.87,48655,32.26,8.04,256.7,0.86,0.92
1/5/25,08:30:12PM,MiniOcean,,,75.7,30.3,2.11,48622,32.26,8.04,257.2,0.94,0.57
1/5/25,08:45:12PM,MiniOcean,,,75.6,26.2,1.83,48619,32.27,8.03,257.2,0.87,-0.57
1/5/25,09:00:12PM,MiniOcean,,,75.6,-25.1,-1.75,48601,32.28,8.03,256.5,1.07,0.07
1/5/25,09:15:12PM,MiniOcean,,,75.5,-64,-4.46,48585,32.28,8.02,253.5,1.13,-0.23
1/5/25,09:30:12PM,MiniOcean,,,75.5,-27.5,-1.92,48589,32.29,8.03,255.4,1.03,0.59
1/5/25,09:45:12PM,MiniOcean,,,75.5,-47.3,-3.3,48543,32.27,8.02,256.3,1.73,-0.45
1/5/25,10:00:12PM,MiniOcean,,,75.5,-60.1,-4.2,48537,32.28,8.02,257,0.87,0.99
1/5/25,10:15:12PM,MiniOcean,,,75.4,-67.8,-4.73,48532,32.28,8.02,257.4,0.88,-1.44
1/5/25,10:30:12PM,MiniOcean,,,75.4,-72.3,-5.05,48513,32.28,8.02,257.6,0.91,-0.18
1/5/25,10:45:12PM,MiniOcean,,,75.4,-58.9,-4.11,48504,32.28,8.02,257.6,1.23,-0.43
1/5/25,11:00:12PM,MiniOcean,,,75.3,-66.7,-4.66,48497,32.29,8.02,257.5,0.92,-1.55
1/5/25,11:15:12PM,MiniOcean,,,75.3,-70.4,-4.92,48497,32.29,8.02,257.8,1.09,-0.19
1/5/25,11:30:12PM,MiniOcean,,,75.3,-99.5,-6.96,48475,32.29,8.01,258.4,1.03,1.83
1/5/25,11:45:12PM,MiniOcean,,,75.3,-58.6,-4.1,48475,32.29,8.02,258.8,0.92,-1.27
1/6/25,00:00:12AM,MiniOcean,,,75.3,-81.2,-5.68,48457,32.29,8.02,258.9,0.94,-1.1
1/6/25,00:15:12AM,MiniOcean,,,75.3,-58.4,-4.08,48453,32.29,8.02,259.3,0.87,-1.89
1/6/25,00:30:12AM,MiniOcean,,,75.3,-72.6,-5.07,48451,32.29,8.02,258.4,1.69,0.6
1/6/25,00:45:12AM,MiniOcean,,,75.2,-97.3,-6.8,48437,32.29,8.01,258.8,0.96,-2.12
1/6/25,01:00:12AM,MiniOcean,,,75.2,-95.5,-6.68,48432,32.29,8.01,259.2,1.1,-1.46
1/6/25,01:15:11AM,MiniOcean,,,75.2,-71.4,-5,48432,32.29,8.01,259.4,0.98,-1.49
1/6/25,01:30:11AM,MiniOcean,,,75.2,-78.5,-5.49,48429,32.29,8.02,259.7,0.95,-1.93
1/6/25,01:45:11AM,MiniOcean,,,75.2,-98.3,-6.88,48423,32.29,8.01,259.6,1.28,5.95
1/6/25,02:00:11AM,MiniOcean,,,75.2,-120.9,-8.46,48423,32.29,8.01,259.8,1.01,-0.99
1/6/25,02:15:11AM,MiniOcean,,,75.2,-146.5,-10.25,48421,32.29,8.01,259.8,0.82,-1.78
1/6/25,02:30:11AM,MiniOcean,,,75.2,-117.6,-8.23,48410,32.3,8.01,259.6,1.14,-0.34
1/6/25,02:45:11AM,MiniOcean,,,75.2,-157.2,-11.01,48401,32.29,8.01,258.8,0.8,-1.6
1/6/25,03:00:11AM,MiniOcean,,,75.1,-117.9,-8.26,48403,32.3,8.01,259.3,0.94,-0.27
1/6/25,03:15:11AM,MiniOcean,,,75.1,-128.4,-8.99,48391,32.29,8.01,260,1.08,-0.45
1/6/25,03:30:11AM,MiniOcean,,,75.1,-141.7,-9.92,48405,32.3,8.01,260.6,0.85,-1.25
1/6/25,03:45:11AM,MiniOcean,,,75.1,-144.2,-10.09,48382,32.29,8.01,260.9,0.87,-2.04
1/6/25,04:00:11AM,MiniOcean,,,75.1,-155.4,-10.89,48382,32.29,8,261.3,0.74,-1.99
1/6/25,04:15:11AM,MiniOcean,,,75.1,-128.5,-9,48382,32.29,8,261.6,0.93,-2.01
1/6/25,04:30:11AM,MiniOcean,,,75.2,-77.3,-5.41,48385,32.28,8.01,244.4,0.83,-1.77
1/6/25,04:45:11AM,MiniOcean,,,75.2,-38.2,-2.67,48427,32.28,8.01,244.2,0.84,-1.98
1/6/25,05:00:11AM,MiniOcean,,,75.3,-1.7,-0.12,48446,32.29,8.01,245.7,0.78,-2.23
1/6/25,05:15:11AM,MiniOcean,,,75.1,35.4,2.48,48374,32.3,8.01,248,0.79,-1.78
1/6/25,05:30:11AM,MiniOcean,,,74.9,62.9,4.42,48285,32.3,8.02,251,0.82,-1.81
1/6/25,05:45:11AM,MiniOcean,,,74.8,93.9,6.59,48219,32.31,8.02,253.3,0.97,-1.8
1/6/25,06:00:11AM,MiniOcean,,,74.7,114.4,8.04,48165,32.31,8.02,255,1,-1.61
1/6/25,06:15:10AM,MiniOcean,,,74.6,136.6,9.61,48122,32.31,8.02,255.9,1.07,-1.54
1/6/25,06:30:10AM,MiniOcean,,,74.5,150.3,10.58,48098,32.31,8.02,257.6,1.02,-1.9
1/6/25,06:45:10AM,MiniOcean,,,74.5,154.7,10.9,48076,32.31,8.03,259.7,0.89,-1.44
1/6/25,07:00:10AM,MiniOcean,,,74.5,166.9,11.76,48057,32.31,8.03,259.9,0.98,-1.63
1/6/25,07:15:10AM,MiniOcean,,,74.4,178.1,12.55,48039,32.32,8.03,259.9,0.94,-1.81
1/6/25,07:30:10AM,MiniOcean,,,74.4,179.5,12.65,48027,32.31,8.03,260.9,0.89,-1.79
1/6/25,07:45:10AM,MiniOcean,,,74.4,189.2,13.34,48017,32.32,8.03,261,0.98,-1.37
1/6/25,08:00:10AM,MiniOcean,,,74.4,195.1,13.76,48005,32.32,8.03,260.2,1.08,-1.67
1/6/25,08:15:10AM,MiniOcean,,,74.4,245.1,17.29,48004,32.31,8.03,260.3,1.21,-1.47
1/6/25,08:30:10AM,MiniOcean,,,74.4,336.2,23.7,48037,32.32,8.04,260.6,1.01,-1.6
1/6/25,08:45:10AM,MiniOcean,,,74.5,455.8,32.1,48081,32.32,8.06,261.4,1.01,-1.6
1/6/25,09:00:10AM,MiniOcean,,,74.6,570.2,40.12,48141,32.32,8.07,259.5,1.03,-1.62
1/6/25,09:15:10AM,MiniOcean,,,74.8,696.8,48.95,48221,32.31,8.09,259.8,0.97,-1.83
1/6/25,09:30:10AM,MiniOcean,,,75,828.1,58.07,48314,32.31,8.11,260.8,1.14,-1.73
1/6/25,09:45:10AM,MiniOcean,,,75.1,939.6,65.79,48407,32.31,8.12,261.6,1.06,-1.45
1/6/25,10:00:10AM,MiniOcean,,,75.3,1046.2,73.12,48508,32.31,8.14,261.8,1.14,-1.85
1/6/25,10:15:10AM,MiniOcean,,,75.6,1141.1,79.56,48633,32.3,8.16,261,1.26,-1.45
1/6/25,10:30:10AM,MiniOcean,,,75.7,1205.1,83.91,48719,32.31,8.17,260.8,1.6,-0.41
1/6/25,10:45:10AM,MiniOcean,,,75.8,1267.1,88.12,48780,32.31,8.18,260.8,1.95,0.8
1/6/25,11:00:09AM,MiniOcean,,,75.9,1320.1,91.74,48824,32.31,8.19,261.3,1.81,-0.44
1/6/25,11:15:09AM,MiniOcean,,,75.9,1318.7,91.62,48826,32.3,8.19,262.1,1.79,-0.44
1/6/25,11:30:09AM,MiniOcean,,,75.9,1277.2,88.75,48817,32.3,8.19,261.8,1.8,-0.29
1/6/25,11:45:09AM,MiniOcean,,,75.9,1247.4,86.68,48814,32.3,8.19,261.3,1.5,0.04
1/6/25,12:00:09PM,MiniOcean,,,76,1246.4,86.58,48834,32.29,8.19,261.6,1.79,1.29
1/6/25,12:15:09PM,MiniOcean,,,76,1297,90.05,48857,32.29,8.2,261.8,1.92,1.09
1/6/25,12:30:09PM,MiniOcean,,,76,1332.2,92.49,48867,32.29,8.2,262,2.02,1.21
1/6/25,12:45:09PM,MiniOcean,,,76,1349.5,93.71,48850,32.29,8.21,261.9,2.24,5.46
1/6/25,01:00:09PM,MiniOcean,,,76,1381.7,95.97,48833,32.29,8.21,261.9,2.05,3.4
1/6/25,01:15:09PM,MiniOcean,,,75.9,1375.2,95.6,48779,32.28,8.22,263.2,2.09,2.42
1/6/25,01:30:09PM,MiniOcean,,,75.9,1361.4,94.68,48742,32.27,8.22,264.2,1.97,3.75
1/6/25,01:45:09PM,MiniOcean,,,75.8,1334.7,92.87,48710,32.27,8.21,264.6,5.01,12.33
1/6/25,02:00:09PM,MiniOcean,,,75.7,1303.6,90.76,48662,32.25,8.21,264.6,2.63,4.5
1/6/25,02:15:09PM,MiniOcean,,,75.7,1264.9,88.1,48658,32.27,8.21,264.8,2.18,2.51
1/6/25,02:30:09PM,MiniOcean,,,75.6,1214.4,84.64,48611,32.26,8.2,265.1,2.62,3.18
1/6/25,02:45:09PM,MiniOcean,,,75.6,1156.7,80.67,48580,32.26,8.19,265.8,2.18,2.58
1/6/25,03:00:09PM,MiniOcean,,,75.5,1095.9,76.48,48534,32.26,8.18,262.8,2.66,17.2
1/6/25,03:15:09PM,MiniOcean,,,75.5,1017.3,71.03,48504,32.25,8.17,263.9,2.92,8.14
1/6/25,03:30:09PM,MiniOcean,,,75.4,951.7,66.49,48472,32.25,8.16,264,1.85,2.45
1/6/25,03:45:09PM,MiniOcean,,,75.4,892.6,62.38,48459,32.26,8.15,264.9,1.95,2.2
1/6/25,04:00:08PM,MiniOcean,,,75.3,836.8,58.5,48446,32.26,8.14,264.6,1.82,2.73
1/7/25,11:50:31AM,R2,,,75.5,379.5,26.06,52374,35.14,7.88,145.4,-0.31,-3.73
1/7/25,11:51:21AM,R1,,,75.5,385.5,26.63,50921,34.05,7.84,161.6,-0.34,-3.79
1/8/25,02:26:42PM,MiniOcean,,,75.2,914.5,64.03,48343,32.24,8.07,153.9,-0.23,-2.05
1/10/25,10:43:13AM,R1,,,75.5,355.4,24.46,51815,34.71,7.86,208.7,-0.48,-3.84
1/10/25,10:45:26AM,R2,,,75.6,356.2,24.3,53645,36.04,7.89,205.5,-0.49,-4.14
1/10/25,05:51:10PM,R1,,,75.5,895.8,61.85,51062,34.15,7.94,309.6,-0.32,-2.7
1/10/25,05:52:48PM,R2,,,75.5,959.4,65.77,52745,35.43,7.93,300.4,-0.35,-3.07
1/13/25,10:04:50AM,R1,,,75.6,887.3,60.89,52199,34.94,7.86,228.7,-0.34,-2.89
1/13/25,10:05:55AM,R2,,,75.4,909.8,62.06,53937,36.35,7.88,227.7,-0.31,-2.99
1/14/25,10:35:11AM,R1,,,75.4,917,63.5,50439,33.7,7.8,246.3,-0.3,-2.23
1/14/25,10:38:04AM,R2,,,75.3,999.1,68.75,52135,35.04,7.82,241.1,-0.32,-3.06
1/15/25,01:52:17PM,R1,,,75.6,1060.9,73.46,50236,33.49,7.92,217.7,-0.34,-2.56
1/15/25,02:00:17PM,R2,,,75.4,1089.1,74.81,52363,35.16,7.92,219.1,-0.35,-3.07
1/15/25,05:12:21PM,MiniOcean,,,75.9,1410.3,98.35,47969,31.67,8.06,187,-0.23,-2.15
1/16/25,03:26:44PM,MiniOcean,,,76.5,3487.4,241.66,48483,31.83,8.12,185.9,-0.03,1.54
1/17/25,10:31:21AM,R1,,,75.7,845.4,58.48,50262,33.46,7.84,200.1,-0.35,-2.79
1/17/25,10:33:20AM,R2,,,75.6,941.3,64.55,52492,35.19,7.88,199.4,-0.34,-3.03
1/17/25,04:14:02PM,MiniOcean,,,75.3,1548.4,108.28,48359,32.19,8.02,344.6,-0.3,-2.68
1/21/25,10:01:55AM,R1,,,75.6,860.9,59.13,52104,34.89,7.85,203.2,-0.3,-2.57
1/21/25,10:08:07AM,R2,,,75.5,987.2,67.09,54728,36.93,7.9,196.9,-0.34,-3.18
1/21/25,02:31:40PM,MiniOcean,,,76.7,3252.9,224.38,49295,32.35,8.19,168.2,-0.19,-0.73
1/22/25,02:58:10PM,MiniOcean,,,76.1,2980.1,206.62,49114,32.47,8.18,182.2,-0.12,-0.78
1/23/25,09:38:51AM,R1,,,75.6,861.3,59.66,50155,33.44,7.82,209.3,-0.31,-2.85
1/23/25,09:43:16AM,R2,,,75.5,987.7,68.26,50843,33.99,7.89,206.8,-0.3,-3
1/23/25,02:28:28PM,MiniOcean,,,75.8,3936.6,273.59,49047,32.53,8.22,158.1,-0.21,-2.2
1/24/25,09:51:22AM,R1,,,73.6,696.2,49.23,48730,33.19,7.81,185.2,-0.32,-2.9
1/24/25,09:55:27AM,R2,,,75.1,868.9,60.21,50978,34.26,7.89,211,-0.36,-2.9
1/24/25,02:25:41PM,MiniOcean,,,75.3,3584.9,250.5,48466,32.26,8.19,213.1,-0.3,-2.79
1/27/25,10:27:28AM,R1,,,75.6,753.1,51.9,51377,34.36,7.79,229.9,-0.27,-2.55
1/27/25,10:28:52AM,R2,,,75.4,803.5,55.19,52455,35.25,7.86,224.9,-0.34,-2.93
1/27/25,02:35:18PM,MiniOcean,,,75.8,2794.7,195.02,47984,31.72,8.15,196.6,-0.32,-2.71
1/28/25,10:17:15AM,R2,,,75.4,910.1,62.67,51770,34.71,7.87,225,-0.35,-3.08
1/28/25,10:20:53AM,R1,,,75.7,793.4,54.77,50729,33.82,7.83,228.3,-0.35,-2.83
1/28/25,01:23:02PM,MiniOcean,,,75.2,4966.2,346.77,48951,32.7,8.19,195.3,-0.21,-2.32
1/29/25,11:25:41AM,R1,,,75.5,913.1,63.05,50984,34.08,7.86,159.3,-0.29,-2.65
1/29/25,11:28:37AM,R2,,,75.3,963,66.25,52159,35.05,7.89,172,-0.36,-2.96
1/30/25,12:04:51PM,R1,,,75.7,997.1,68.89,50630,33.76,7.83,183.6,-0.33,-2.89
1/30/25,12:08:28PM,R2,,,75.5,1032.6,70.9,52363,35.14,7.9,188,-0.34,-2.96
1/30/25,03:54:18PM,MiniOcean,,,75.5,2397,166.91,49061,32.65,8.14,165.4,-0.27,-2.41
1/31/25,09:35:03AM,R1,,,75.4,-637.4,-44.31,49565,33.08,7.66,213.8,-0.31,-2.6
1/31/25,09:38:16AM,R2,,,75.3,765.5,52.79,51710,34.74,7.8,208.3,-0.32,-2.69
1/31/25,02:36:31PM,MiniOcean,,,76.3,3310.5,228.97,49270,32.48,8.13,183.9,-0.31,-2.69
2/3/25,10:07:51AM,R1,,,75,733.8,51.02,50341,33.83,7.75,215.2,-0.27,-2.61
2/3/25,10:08:44AM,R2,,,75.1,940.8,67.17,43880,28.97,7.85,209.8,-0.25,-1.26
2/3/25,02:42:52PM,MiniOcean,,,77.4,3618.4,247.39,50068,32.61,8.13,172.6,-0.27,-2.52
2/4/25,10:26:57AM,R1,,,75.5,911.2,62.86,51269,34.31,7.81,196.7,-0.32,-2.72
2/4/25,10:30:09AM,R2,,,68.4,267.7,20.41,40858,29.14,7.91,194.9,-0.38,-3.18
2/4/25,02:11:24PM,MiniOcean,,,76.2,3587.7,248.12,49493,32.7,8.15,168.6,-0.31,-2.55
2/5/25,09:42:51AM,R1,,,75.5,790.4,54.87,49690,33.1,7.78,189.2,-0.34,-2.64
2/5/25,09:45:30AM,R2,,,66.5,44.9,3.49,40017,29.2,7.89,190.3,-0.35,-3.17
2/5/25,12:37:21PM,MiniOcean,,,76.4,4313.8,297.58,49666,32.72,8.18,157.5,-0.23,-2.45
2/6/25,10:00:06AM,R1,,,75.8,823,56.93,50145,33.35,7.82,194.6,-0.33,-2.64
2/6/25,10:04:37AM,R2,,,75.4,830,59.19,43597,28.64,7.91,190.9,-0.32,-3.09
2/6/25,02:24:40PM,MiniOcean,,,76.6,3850,265.18,49794,32.76,8.19,156.4,-0.29,-2.42
2/7/25,09:39:39AM,R1,,,74.3,603.9,42.67,47635,32.05,7.82,169.1,-0.33,-2.73
2/7/25,09:42:15AM,R2,,,75.2,790.2,56.33,43977,28.98,7.81,184.7,-0.3,-2.58
2/10/25,09:45:46AM,R1,,,75.6,999.2,69.36,49559,32.97,7.75,242.9,-0.11,-3.23
2/10/25,09:46:38AM,R2,,,75.6,952.6,67.67,44206,29.03,7.83,236.1,-0.13,-3.21
2/10/25,02:10:42PM,MiniOcean,,,76.5,2967.1,204.93,49202,32.34,8.13,177.5,-0.09,-3.08
2/11/25,10:16:37AM,R1,,,75.4,869.3,60.68,48679,32.41,7.8,194.6,-0.11,-3.08
2/11/25,10:19:04AM,R2,,,75.4,858,61.01,44224,29.1,7.87,191.5,-0.13,-3.37
2/11/25,03:24:14PM,MiniOcean,,,76.2,5425.2,376.03,49001,32.34,8.19,157.5,0.2,-0.4
2/12/25,11:12:05AM,R1,,,75.6,1016.1,70.78,48841,32.45,7.77,234.4,-0.08,-3.08
2/12/25,11:12:42AM,R2,,,75.5,990.6,69.55,47081,31.17,7.81,228.8,-0.07,-3.16
2/12/25,11:15:23AM,MiniOcean,,,76,2930.5,203.51,48813,32.27,8.12,190.8,-0.05,-2.86
2/13/25,10:07:39AM,R2,,,80.3,1289.2,86.3,50170,31.57,7.82,190.2,-0.14,-3.37
2/13/25,10:11:09AM,R1,,,75.8,1024.5,71.17,49043,32.5,7.82,192,-0.12,-3.07
2/13/25,02:38:17PM,MiniOcean,,,75.6,3920.7,273.18,48630,32.27,8.16,163,-0.08,-2.92
2/14/25,10:12:28AM,R2,,,82,1365.1,89.78,51677,32,7.84,176.3,-0.11,-3.19
2/14/25,10:27:28AM,R2,,,81.9,1391.9,91.57,51664,32,7.85,182.5,-0.13,-3.18
2/14/25,10:42:28AM,R2,,,81.9,1424.6,93.74,51655,32.01,7.86,183.3,-0.12,-3.22
2/14/25,10:57:28AM,R2,,,81.9,1462.7,96.27,51644,32.01,7.86,182.4,-0.14,-3.21
2/14/25,11:12:28AM,R2,,,81.9,1496.5,98.5,51648,32.02,7.86,181.8,-0.1,-3.25
2/14/25,11:27:27AM,R2,,,81.9,1536.2,101.12,51648,32.02,7.87,184,-0.14,-3.19
2/14/25,11:42:27AM,R2,,,81.9,1567,103.15,51653,32.02,7.87,184.2,-0.12,-3.27
2/14/25,03:36:34PM,MiniOcean,,,76.2,3385.4,233.9,49670,32.81,8.13,244.8,0.05,-2.21
2/17/25,10:07:47AM,R1,,,74.1,788.2,55.56,48657,32.92,7.9,201.5,-0.12,-3.23
2/17/25,10:09:25AM,R2,,,81.7,1269.7,82.88,54103,33.79,7.83,205.2,-0.14,-3.25
2/17/25,10:09:33AM,R2,,,81.9,1281.4,83.44,54302,33.84,7.83,205.6,-0.13,-3.26
2/17/25,02:16:45PM,MiniOcean,,,76.4,4251.4,293.39,49532,32.62,8.22,192.4,-0.13,-3.2
2/18/25,10:43:04AM,R2,,,82.5,1419.5,91.64,55498,34.45,7.85,189.7,-0.13,-3.26
2/18/25,10:46:42AM,R1,,,75.8,999.1,69.01,50468,33.58,7.97,189.1,-0.09,-3.21
2/18/25,02:16:39PM,MiniOcean,,,76.7,5052.8,347.97,49641,32.6,8.21,171.1,-0.1,-3.03
2/19/25,01:16:20PM,R1,,,75.5,1141.9,79.49,49161,32.73,8,169.5,-0.13,-3.15
2/19/25,01:17:38PM,R2,,,83.3,1861.1,118.96,56716,34.98,7.86,178.9,-0.15,-3.37
2/19/25,02:32:23PM,MiniOcean,,,77.4,5472.8,373.92,50358,32.86,8.23,137.3,1.44,6.43
2/20/25,10:34:10AM,R1,,,74.7,990,69.11,49761,33.49,7.96,246.7,-0.13,-3.28
2/20/25,10:37:42AM,R2,,,83.9,1575.6,99.81,58028,35.65,7.82,238.5,-0.13,-3.28
2/20/25,02:35:20PM,MiniOcean,,,76.2,4315.9,298.04,49779,32.89,8.17,186.4,-0.09,-3.08
2/21/25,10:26:47AM,R1,,,75.2,937.9,65.54,48743,32.53,7.91,160.3,-0.13,-3.16
2/21/25,10:28:45AM,R2,,,83.4,1526.7,97.32,57196,35.27,7.81,172.3,-0.14,-3.27
2/21/25,02:31:57PM,MiniOcean,,,77.1,4174.9,286.33,49965,32.69,8.18,264.5,0.06,-2.12
2/24/25,10:00:09AM,R1,,,74.5,834.5,58.76,48139,32.35,7.98,177.8,-0.09,-2.99
2/24/25,10:01:34AM,R2,,,88,1822.5,111.13,60945,35.94,7.81,186.9,-0.14,-3.26
2/24/25,02:23:26PM,MiniOcean,,,77.2,3725.5,255.04,50071,32.69,8.14,151.3,-0.11,-3.2
2/25/25,10:54:22AM,R1,,,75.6,1061.9,73.81,49262,32.75,8,240.7,-0.13,-3.08
2/25/25,10:58:43AM,R2,,,88.8,1955.3,118.09,62042,36.32,7.83,234.4,-0.12,-3.15
2/25/25,02:29:32PM,MiniOcean,,,76.8,4217.9,289.78,49968,32.79,8.17,169.1,-0.06,-2.93
2/26/25,02:06:36PM,R1,,,75.3,1309.3,91.1,49514,33.06,8.02,158.3,-0.12,-3.15
2/26/25,02:08:04PM,R2,,,89.4,2269.6,137.98,59119,34.17,7.92,161,-0.12,-3.24
2/26/25,02:17:16PM,MiniOcean,,,75.5,3907.6,271.63,49522,33.01,8.19,143.8,-0.1,-2.93
2/28/25,09:57:45AM,R1,,,73.6,1001.6,70.84,48609,33.1,7.95,150.9,-0.12,-3.19
2/28/25,02:29:54PM,MANGROVES,,,65.6,-2830.9,-246.59,17292,11.76,7.92,251.8,4.48,16.91
2/28/25,02:33:54PM,MiniOcean,,,75.7,3356,233.14,49205,32.66,8.09,242.4,0.1,-1.5
3/3/25,10:18:56AM,R1,,,74.6,982.7,68.46,50431,34.05,7.91,171.6,-0.13,-3.16
3/3/25,10:20:46AM,R2,,,89.2,2042.2,123.05,61943,36.09,7.85,176,-0.11,-3.17
3/3/25,02:00:11PM,MiniOcean,,,76,2408.7,166.81,49392,32.68,8.04,140.1,-0.09,-3.06
3/4/25,10:57:17AM,R1,,,75.5,1209.4,83.33,51484,34.45,7.88,171.4,-0.13,-3.2
3/4/25,11:01:35AM,R2,,,89.4,2133.5,127.7,63494,37.04,7.86,161,-0.1,-3.16
3/4/25,02:36:09PM,MiniOcean,,,76.5,4238.7,292.32,49586,32.63,8.1,149.2,-0.08,-2.91
3/5/25,11:54:00AM,R1,,,75.3,1156.9,80.29,50176,33.56,7.9,159,-0.09,-2.99
3/5/25,11:55:29AM,R2,,,89.7,2233.6,132.8,64968,37.92,7.86,163.9,-0.08,-2.99
3/5/25,12:39:03PM,MiniOcean,,,76.4,3437.6,237.15,49649,32.71,8.09,196.5,-0.05,-2.75
3/6/25,10:23:06AM,R2,,,75.2,1031.1,70.45,53893,36.41,7.84,200.2,-0.13,-3.35
3/6/25,10:25:10AM,R1,,,75.3,1050.8,72.66,50957,34.14,7.9,199.4,-0.11,-3.1
3/6/25,03:55:06PM,MiniOcean,,,75.9,2985.5,207,49338,32.68,8.02,151.7,-0.09,-2.92
3/7/25,09:38:44AM,R1,,,74.8,1045.6,72.92,49870,33.56,7.83,163.3,-0.11,-3.11
3/7/25,09:40:09AM,R2,,,75.3,1055.2,72.71,51844,34.82,7.84,163.4,-0.12,-3.17
3/10/25,01:14:31PM,MiniOcean,,,77.3,-1754.3,-120.16,49885,32.54,8.2,184.3,6.1,-2.93
3/12/25,04:23:15PM,R1,,,75.2,-445,-30.79,51082,34.28,7.98,199.6,1.91,-3.19
3/12/25,04:24:15PM,R2,,,75,-413.4,-28.64,51176,34.46,7.97,199.7,2.65,-3.33
3/12/25,04:27:08PM,MiniOcean,,,75.5,-598.1,-41.73,48553,32.26,8.06,191.3,11.07,-2.68
3/13/25,03:46:39PM,R1,,,75.5,-443.5,-30.74,50191,33.51,7.99,175.4,-0.3,-3.3
3/13/25,03:48:49PM,R2,,,75.3,-407,-28.15,51011,34.2,8,177.5,0,-3.38
3/13/25,04:01:30PM,MiniOcean,,,76.3,-840,-58.04,49420,32.57,8.13,166.3,7.55,-2.52
3/14/25,10:52:36AM,R1,,,75.4,-397.6,-27.58,50012,33.38,7.88,176.4,2.11,-3.21
3/14/25,10:54:38AM,R2,,,75.6,-412.7,-28.44,51355,34.33,7.95,175.4,4.34,-3.31
3/14/25,11:23:07AM,MiniOcean,,,75.3,-1121.7,-78.32,48743,32.48,8.1,155.8,22.3,-2.27
3/17/25,09:43:40AM,R1,,,75.2,-380.2,-26.39,50217,33.63,7.88,153.2,0.82,-3.35
3/17/25,09:44:34AM,R2,,,75.1,-384.9,-26.64,51197,34.43,7.92,155.3,1.93,-3.32
3/17/25,02:51:52PM,MiniOcean,,,76.7,-1195.7,-82.39,49483,32.48,8.11,280,4.97,-3.13
3/18/25,10:13:47AM,R1,,,75.6,-444.2,-30.81,49862,33.22,7.87,277.4,4.38,-3.2
3/18/25,10:17:54AM,R2,,,75.3,-424.5,-29.42,50489,33.79,7.95,270.8,2.05,-3.35
3/19/25,12:08:26PM,R1,,,75,-480.9,-33.51,49824,33.44,7.88,223.5,2.19,-3.25
3/19/25,12:09:50PM,R2,,,75,-425.2,-29.65,49684,33.33,7.93,219.9,3.4,-3.28
3/20/25,10:32:56AM,R1,,,75.2,-424.4,-29.52,49827,33.34,7.89,182.4,2.08,-3.21
3/20/25,10:36:45AM,R2,,,75.4,-420,-29.2,49556,33.07,7.96,186.1,0.78,-3.35
3/21/25,09:31:38AM,R1,,,74.9,-427.3,-29.87,49299,33.09,7.8,166.9,2.13,-3.31
3/21/25,09:34:09AM,R2,,,75.4,-411.2,-28.56,49787,33.23,7.87,177.2,3.85,-3.05
3/24/25,10:38:23AM,R2,,,75.3,-405.8,-28.14,50242,33.6,7.9,234.1,4.12,-3.37
3/24/25,10:39:22AM,R1,,,75.6,-426.2,-29.37,51360,34.33,7.84,234.8,4.46,-3.13
3/25/25,10:12:15AM,R1,,,75.4,-409.7,-28.44,49949,33.36,7.83,199.3,1.31,-3.1
3/25/25,10:15:41AM,R2,,,75.6,-433,-30.11,49131,32.65,7.91,198.7,3.45,-3.35
3/26/25,12:10:54PM,R1,,,75.5,-462.9,-32.17,49615,33.08,7.85,194.2,0.68,-3.3
3/26/25,12:11:47PM,R2,,,75.7,-452.7,-31.43,49384,32.8,7.91,193.2,1.52,-3.33
3/27/25,10:43:55AM,R1,,,75.2,-407.2,-28.34,49649,33.2,7.85,191,1.01,-3.25
3/27/25,10:48:46AM,R2,,,75.1,-405.9,-28.32,49244,32.95,7.94,190,1.71,-3.37
3/28/25,09:30:02AM,R1,,,74.8,-278.6,-19.51,48820,32.74,7.65,200.2,3.41,-3.03
3/28/25,09:32:38AM,R2,,,75.5,-397.6,-27.56,50067,33.39,7.86,194.6,3.23,-3.33